direction,threshold,precision,recall,f1,accuracy,fpr
higher_is_attack,0.042098904486745595,0.7997997997997998,0.99875,0.8882712618121178,0.799,1.0
higher_is_attack,0.04333543625473976,0.7993981945837513,0.99625,0.8870339454646633,0.797,1.0
higher_is_attack,0.043939804434776304,0.7989949748743719,0.99375,0.8857938718662952,0.795,1.0
higher_is_attack,0.04438711668923497,0.798590130916415,0.99125,0.8845510317902956,0.793,1.0
higher_is_attack,0.04485963235422969,0.798183652875883,0.98875,0.8833054159687326,0.791,1.0
higher_is_attack,0.04532831079512834,0.7977755308392316,0.98625,0.8820570150922303,0.789,1.0
higher_is_attack,0.04563739968836308,0.7973657548125633,0.98375,0.8808058198097369,0.787,1.0
higher_is_attack,0.04588678792119026,0.7969543147208121,0.98125,0.8795518207282913,0.785,1.0
higher_is_attack,0.04607691555842757,0.7965412004069176,0.97875,0.8782950084127874,0.783,1.0
higher_is_attack,0.04627914893627167,0.7961264016309888,0.97625,0.8770353733857383,0.781,1.0
higher_is_attack,0.04644862879440188,0.7957099080694586,0.97375,0.8757729061270376,0.779,1.0
higher_is_attack,0.04668796721845865,0.7952917093142272,0.97125,0.8745075970737197,0.777,1.0
higher_is_attack,0.04695110581815243,0.7948717948717948,0.96875,0.8732394366197183,0.775,1.0
higher_is_attack,0.04705252133309841,0.7944501541623844,0.96625,0.8719684151156233,0.773,1.0
higher_is_attack,0.04714359244331717,0.7940267765190525,0.96375,0.870694522868436,0.771,1.0
higher_is_attack,0.047315471425652504,0.7936016511867905,0.96125,0.8694177501413228,0.769,1.0
higher_is_attack,0.04742739288881421,0.7931747673216132,0.95875,0.8681380871533673,0.767,1.0
higher_is_attack,0.04749178633093834,0.7927461139896373,0.95625,0.8668555240793201,0.765,1.0
higher_is_attack,0.04761277030780912,0.7923156801661475,0.95375,0.8655700510493477,0.763,1.0
higher_is_attack,0.047716493666172026,0.7918834547346514,0.95125,0.8642816581487791,0.761,1.0
higher_is_attack,0.04780737008154392,0.7914494264859229,0.94875,0.8629903354178511,0.759,1.0
higher_is_attack,0.04786434582993388,0.7910135841170324,0.94625,0.8616960728514513,0.757,1.0
higher_is_attack,0.04793524144217372,0.7905759162303665,0.94375,0.8603988603988604,0.755,1.0
higher_is_attack,0.04803736917674541,0.7901364113326338,0.94125,0.8590986879634912,0.753,1.0
higher_is_attack,0.04816061607375741,0.7896950578338591,0.93875,0.857795545402627,0.751,1.0
higher_is_attack,0.04827578644454479,0.7892518440463646,0.93625,0.8564894225271584,0.749,1.0
higher_is_attack,0.0483899762108922,0.7888067581837381,0.93375,0.8551803091013166,0.747,1.0
higher_is_attack,0.04846105931326747,0.7883597883597884,0.93125,0.8538681948424068,0.745,1.0
higher_is_attack,0.04858302506431937,0.7879109225874867,0.92875,0.8525530694205393,0.743,1.0
higher_is_attack,0.048644448805600406,0.7874601487778958,0.92625,0.8512349224583573,0.741,1.0
higher_is_attack,0.048831714183092116,0.7870074547390842,0.92375,0.8499137435307648,0.739,1.0
higher_is_attack,0.04890737048909068,0.7865528281750267,0.92125,0.8485895221646517,0.737,1.0
higher_is_attack,0.04899338718503714,0.786096256684492,0.91875,0.8472622478386167,0.735,1.0
higher_is_attack,0.04907270084321499,0.7856377277599143,0.91625,0.845931909982689,0.733,1.0
higher_is_attack,0.04913499020412564,0.7851772287862513,0.91375,0.8445984979780474,0.731,1.0
higher_is_attack,0.04921701211109757,0.7847147470398278,0.91125,0.843262001156738,0.729,1.0
higher_is_attack,0.049310626775026324,0.7842502696871629,0.90875,0.8419224088013897,0.727,1.0
higher_is_attack,0.04938141647726298,0.7837837837837838,0.90625,0.8405797101449275,0.725,1.0
higher_is_attack,0.04944025817885995,0.7833152762730228,0.90375,0.8392338943702844,0.723,1.0
higher_is_attack,0.049518707256764175,0.7828447339847991,0.90125,0.8378849506101104,0.721,1.0
higher_is_attack,0.0496217337064445,0.7823721436343852,0.89875,0.8365328679464805,0.719,1.0
higher_is_attack,0.049733660358935596,0.781897491821156,0.89625,0.8351776354105999,0.717,1.0
higher_is_attack,0.04983009682968259,0.7814207650273224,0.89375,0.8338192419825073,0.715,1.0
higher_is_attack,0.04991037467867136,0.7809419496166484,0.89125,0.8324576765907764,0.713,1.0
higher_is_attack,0.04997027993574738,0.7804610318331504,0.88875,0.831092928112215,0.711,1.0
higher_is_attack,0.050021959852427245,0.7799779977997799,0.88625,0.8297249853715624,0.709,1.0
higher_is_attack,0.05010772935301065,0.7794928335170893,0.88375,0.8283538371411834,0.707,1.0
higher_is_attack,0.05022375063970685,0.7790055248618785,0.88125,0.8269794721407625,0.705,1.0
higher_is_attack,0.0502708078622818,0.778516057585825,0.87875,0.8256018790369936,0.703,1.0
higher_is_attack,0.050372642509639264,0.7780244173140954,0.87625,0.8242210464432687,0.701,1.0
higher_is_attack,0.050464784666895864,0.7775305895439377,0.87375,0.8228369629193644,0.699,1.0
higher_is_attack,0.050549275219440463,0.7770345596432553,0.87125,0.8214496169711255,0.697,1.0
higher_is_attack,0.0506572544015944,0.776536312849162,0.86875,0.8200589970501475,0.695,1.0
higher_is_attack,0.0507211786173284,0.7760358342665173,0.86625,0.8186650915534555,0.693,1.0
higher_is_attack,0.05082650710642338,0.7755331088664422,0.86375,0.8172678888231816,0.691,1.0
higher_is_attack,0.05096863400936127,0.7750281214848144,0.86125,0.8158673771462404,0.689,1.0
higher_is_attack,0.05105557965859771,0.7745208568207441,0.85875,0.8144635447540012,0.687,1.0
higher_is_attack,0.05117461938410997,0.7740112994350282,0.85625,0.8130563798219584,0.685,1.0
higher_is_attack,0.05127934474870562,0.7734994337485843,0.85375,0.8116458704693998,0.683,1.0
higher_is_attack,0.051392634607851505,0.7729852440408627,0.85125,0.810232004759072,0.681,1.0
higher_is_attack,0.051448341969400645,0.7724687144482366,0.84875,0.8088147706968434,0.679,1.0
higher_is_attack,0.051555437300354244,0.7719498289623717,0.84625,0.8073941562313656,0.677,1.0
higher_is_attack,0.05160388955846429,0.7714285714285715,0.84375,0.8059701492537313,0.675,1.0
higher_is_attack,0.05169185364246368,0.7709049255441008,0.84125,0.8045427375971309,0.673,1.0
higher_is_attack,0.0517621890604496,0.7703788748564868,0.83875,0.8031119090365051,0.671,1.0
higher_is_attack,0.05182067396491766,0.7698504027617952,0.83625,0.8016776512881966,0.669,1.0
higher_is_attack,0.05192493344470859,0.7693194925028836,0.83375,0.8002399520095981,0.667,1.0
higher_is_attack,0.05198500953614712,0.7687861271676301,0.83125,0.7987987987987988,0.665,1.0
higher_is_attack,0.05205773617327213,0.7682502896871379,0.82875,0.7973541791942274,0.663,1.0
higher_is_attack,0.05217793254926801,0.7677119628339141,0.82625,0.7959060806742926,0.661,1.0
higher_is_attack,0.052314681630581616,0.7671711292200233,0.82375,0.7944544906570223,0.659,1.0
higher_is_attack,0.05237168517708778,0.7666277712952159,0.82125,0.7929993964996982,0.657,1.0
higher_is_attack,0.05248629940673709,0.7660818713450293,0.81875,0.7915407854984894,0.655,1.0
higher_is_attack,0.05257235662266612,0.7655334114888629,0.81625,0.7900786448880823,0.653,1.0
higher_is_attack,0.0526599270068109,0.7649823736780259,0.81375,0.7886129618413082,0.651,1.0
higher_is_attack,0.05275814853236079,0.7644287396937574,0.81125,0.7871437234687689,0.649,1.0
higher_is_attack,0.05283740383014083,0.7638724911452184,0.80875,0.7856709168184578,0.647,1.0
higher_is_attack,0.05293796185404062,0.7633136094674556,0.80625,0.78419452887538,0.645,1.0
higher_is_attack,0.05307864945754409,0.7627520759193357,0.80375,0.7827145465611686,0.643,1.0
higher_is_attack,0.05314495724439621,0.7621878715814506,0.80125,0.7812309567336989,0.641,1.0
higher_is_attack,0.05328759671375156,0.7616209773539928,0.79875,0.7797437461866992,0.639,1.0
higher_is_attack,0.05350061870366335,0.7610513739545998,0.79625,0.7782529016493586,0.637,1.0
higher_is_attack,0.053606972005218266,0.7604790419161677,0.79375,0.7767584097859327,0.635,1.0
higher_is_attack,0.05376880517601967,0.7599039615846338,0.79125,0.775260257195346,0.633,1.0
higher_is_attack,0.053983513031154874,0.7593261131167268,0.78875,0.773758430410791,0.631,1.0
higher_is_attack,0.05411576661095023,0.758745476477684,0.78625,0.7722529158993248,0.629,1.0
higher_is_attack,0.054219122860580685,0.7581620314389359,0.78375,0.7707437000614629,0.627,1.0
higher_is_attack,0.054373493511229755,0.7575757575757576,0.78125,0.7692307692307693,0.625,1.0
higher_is_attack,0.054560464531183246,0.7569866342648846,0.77875,0.7677141096734442,0.623,1.0
higher_is_attack,0.054881373424082995,0.756394640682095,0.77625,0.7661937075879087,0.621,1.0
higher_is_attack,0.055034852717071765,0.7557997557997558,0.77375,0.7646695491043854,0.619,1.0
higher_is_attack,0.05521894078701735,0.7552019583843329,0.77125,0.7631416202844774,0.617,1.0
higher_is_attack,0.055497383940964935,0.754601226993865,0.76875,0.7616099071207431,0.615,1.0
higher_is_attack,0.05568937626853585,0.7539975399753998,0.76625,0.7600743955362679,0.613,1.0
higher_is_attack,0.0558409483730793,0.7536991368680641,0.7640625,0.7588454376163873,0.6115,0.99875
higher_is_attack,0.05632333836704492,0.7530902348578492,0.7615625,0.757302672467371,0.6095,0.99875
higher_is_attack,0.0567360314540565,0.7524783147459727,0.7590625,0.7557560672059739,0.6075,0.99875
higher_is_attack,0.05723025113344193,0.7521739130434782,0.756875,0.7545171339563863,0.606,0.9975
higher_is_attack,0.058135398089885715,0.75186799501868,0.7546875,0.7532751091703057,0.6045,0.99625
higher_is_attack,0.05857758141309023,0.7524968789013733,0.7534375,0.7529668956901936,0.6045,0.99125
higher_is_attack,0.0590074846111238,0.7540675844806007,0.753125,0.7535959974984365,0.606,0.9825
higher_is_attack,0.05942381818592549,0.7559598494353826,0.753125,0.754539762053851,0.608,0.9725
higher_is_attack,0.05973270617425442,0.7578616352201258,0.753125,0.7554858934169278,0.61,0.9625
higher_is_attack,0.06003951308131218,0.7591424968474149,0.7525,0.7558066541117389,0.611,0.955
higher_is_attack,0.060333616930991416,0.7610619469026548,0.7525,0.7567567567567568,0.613,0.945
higher_is_attack,0.06060232824832201,0.7626742712294043,0.7521875,0.7573945877910636,0.6145,0.93625
higher_is_attack,0.0606885126568377,0.7646124523506989,0.7521875,0.758349086326402,0.6165,0.92625
higher_is_attack,0.06084792550653219,0.7662420382165606,0.751875,0.7589905362776025,0.618,0.9175
higher_is_attack,0.06100000358000398,0.7681992337164751,0.751875,0.7599494630448516,0.62,0.9075
higher_is_attack,0.06121028158813715,0.7701664532650448,0.751875,0.7609108159392789,0.622,0.8975
higher_is_attack,0.06135479504242539,0.7718228498074454,0.7515625,0.7615579480683977,0.6235,0.88875
higher_is_attack,0.0615363529548049,0.7738095238095238,0.7515625,0.7625237793278377,0.6255,0.87875
higher_is_attack,0.06169925285503268,0.7751612903225806,0.7509375,0.7628571428571429,0.6265,0.87125
higher_is_attack,0.061817453503608705,0.776843467011643,0.750625,0.7635092180546726,0.628,0.8625
higher_is_attack,0.061885203793644906,0.7778858625162127,0.7496875,0.7635264162953532,0.6285,0.85625
higher_is_attack,0.062024549696594475,0.7799089726918076,0.7496875,0.7644996813256851,0.6305,0.84625
higher_is_attack,0.062064734786748885,0.7816166883963495,0.749375,0.7651563497128271,0.632,0.8375
higher_is_attack,0.062161581441760067,0.7836601307189542,0.749375,0.7661341853035144,0.634,0.8275
higher_is_attack,0.06226656889542937,0.7853866317169069,0.7490625,0.7667946257197696,0.6355,0.81875
higher_is_attack,0.062392168264836075,0.7871222076215506,0.74875,0.7674567584881486,0.637,0.81
higher_is_attack,0.06247419847920537,0.7885375494071146,0.748125,0.7677998717126363,0.638,0.8025
higher_is_attack,0.06262677540630102,0.7902906208718626,0.7478125,0.7684649967886962,0.6395,0.79375
higher_is_attack,0.06272464562207461,0.7913907284768212,0.746875,0.7684887459807074,0.64,0.7875
higher_is_attack,0.06277505544573068,0.7934926958831341,0.746875,0.7694784288473921,0.642,0.7775
higher_is_attack,0.06285526583343744,0.7956058588548602,0.746875,0.7704706640876854,0.644,0.7675
higher_is_attack,0.06301789809018374,0.7973965287049399,0.7465625,0.7711426726920594,0.6455,0.75875
higher_is_attack,0.06310956085473299,0.7995314591700133,0.7465625,0.7721396250808016,0.6475,0.74875
higher_is_attack,0.0632248779386282,0.8013422818791947,0.74625,0.7728155339805826,0.649,0.74
higher_is_attack,0.06326578804850579,0.8034993270524899,0.74625,0.7738172391445236,0.651,0.73
higher_is_attack,0.06334210830181837,0.8046558704453441,0.7453125,0.7738481505515898,0.6515,0.72375
higher_is_attack,0.06341423716396094,0.8068335588633289,0.7453125,0.7748538011695907,0.6535,0.71375
higher_is_attack,0.06348904117196798,0.8080054274084125,0.744375,0.774886141834743,0.654,0.7075
higher_is_attack,0.06353342391550541,0.8098639455782313,0.7440625,0.7755700325732899,0.6555,0.69875
higher_is_attack,0.06358769659698009,0.8117326057298773,0.74375,0.776255707762557,0.657,0.69
higher_is_attack,0.0636728797852993,0.8132694938440492,0.743125,0.7766165904637492,0.658,0.6825
higher_is_attack,0.06375302023440599,0.8151577503429356,0.7428125,0.7773054283845651,0.6595,0.67375
higher_is_attack,0.06379455575346947,0.8170563961485557,0.7425,0.7779960707269156,0.661,0.665
higher_is_attack,0.06382534317672253,0.8186206896551724,0.741875,0.778360655737705,0.662,0.6575
higher_is_attack,0.06387397760152817,0.8208852005532503,0.741875,0.7793827971109653,0.664,0.6475
higher_is_attack,0.06392275496572256,0.8228155339805825,0.7415625,0.7800788954635108,0.6655,0.63875
higher_is_attack,0.06398237613588571,0.8240611961057024,0.740625,0.7801184990125082,0.666,0.6325
higher_is_attack,0.06404223970323801,0.8256624825662483,0.74,0.7804878048780488,0.667,0.625
higher_is_attack,0.06413661293685437,0.8265734265734266,0.73875,0.7801980198019802,0.667,0.62
higher_is_attack,0.06418838308751583,0.8285413744740533,0.7384375,0.7808988764044944,0.6685,0.61125
higher_is_attack,0.06423933457583189,0.8308720112517581,0.7384375,0.7819324950363997,0.6705,0.60125
higher_is_attack,0.06436284111440181,0.8325105782792666,0.7378125,0.7823061630218688,0.6715,0.59375
higher_is_attack,0.06441061027348041,0.8341584158415841,0.7371875,0.7826808228268082,0.6725,0.58625
higher_is_attack,0.06445652928203344,0.8358156028368794,0.7365625,0.7830564784053156,0.6735,0.57875
higher_is_attack,0.06449791141599416,0.8378378378378378,0.73625,0.7837658017298735,0.675,0.57
higher_is_attack,0.06457148506492376,0.8402282453637661,0.73625,0.7848101265822784,0.677,0.56
higher_is_attack,0.06465457975864411,0.8415593705293276,0.7353125,0.784856571047365,0.6775,0.55375
higher_is_attack,0.06469704861938953,0.8425394548063128,0.7340625,0.7845691382765531,0.6775,0.54875
higher_is_attack,0.0647683984786272,0.8442446043165468,0.7334375,0.7849498327759198,0.6785,0.54125
higher_is_attack,0.06483644461631775,0.8459595959595959,0.7328125,0.7853315472203617,0.6795,0.53375
higher_is_attack,0.06489197959005832,0.8473227206946454,0.731875,0.7853789403085177,0.68,0.5275
higher_is_attack,0.06495151114463807,0.8490566037735849,0.73125,0.7857622565480188,0.681,0.52
higher_is_attack,0.06499680483341216,0.8508005822416302,0.730625,0.7861466039004708,0.682,0.5125
higher_is_attack,0.06505462046712637,0.852919708029197,0.7303125,0.7868686868686868,0.6835,0.50375
higher_is_attack,0.06512488453090191,0.8543191800878477,0.729375,0.786918408631153,0.684,0.4975
higher_is_attack,0.06516362258791923,0.856093979441997,0.72875,0.787305874409183,0.685,0.49
higher_is_attack,0.0652101074680686,0.8575110456553755,0.7278125,0.7873563218390804,0.6855,0.48375
higher_is_attack,0.06525092566013337,0.8593057607090103,0.7271875,0.7877454299255248,0.6865,0.47625
higher_is_attack,0.06528928950428962,0.8614814814814815,0.726875,0.7884745762711864,0.688,0.4675
higher_is_attack,0.06534912262856961,0.8629271916790491,0.7259375,0.7885268160217244,0.6885,0.46125
higher_is_attack,0.06539199663698674,0.8640089418777943,0.7246875,0.7882392929979606,0.6885,0.45625
higher_is_attack,0.06543495374172927,0.8662182361733931,0.724375,0.7889720898570456,0.69,0.4475
higher_is_attack,0.06551316010206938,0.8680659670164917,0.72375,0.7893660531697342,0.691,0.44
higher_is_attack,0.06555794097483159,0.8699248120300752,0.723125,0.7897610921501707,0.692,0.4325
higher_is_attack,0.06559660399705172,0.8714177978883861,0.7221875,0.7898154477101845,0.6925,0.42625
higher_is_attack,0.06563765799999237,0.8732980332829047,0.7215625,0.7902121834360027,0.6935,0.41875
higher_is_attack,0.06566167005896568,0.8748103186646434,0.720625,0.7902673063742289,0.694,0.4125
higher_is_attack,0.06571785474568606,0.8767123287671232,0.72,0.790665751544269,0.695,0.405
higher_is_attack,0.06575482327491045,0.8778625954198473,0.71875,0.7903780068728522,0.695,0.4
higher_is_attack,0.06578542824089527,0.8801684532924962,0.7184375,0.7911218169304887,0.6965,0.39125
higher_is_attack,0.06584072162955999,0.8824884792626728,0.718125,0.791867677463818,0.698,0.3825
higher_is_attack,0.06588644903898239,0.8848228043143297,0.7178125,0.7926155969634231,0.6995,0.37375
higher_is_attack,0.06594167719036341,0.8860123647604328,0.7165625,0.7923289564616448,0.6995,0.36875
higher_is_attack,0.06601126838475466,0.887984496124031,0.7159375,0.7927335640138409,0.7005,0.36125
higher_is_attack,0.06603728055208921,0.8891912908242613,0.7146875,0.7924462924462925,0.7005,0.35625
higher_is_attack,0.06611655569821596,0.8892355694227769,0.7125,0.7911172796668979,0.699,0.355
higher_is_attack,0.06616247769445181,0.8896713615023474,0.710625,0.7901320361362058,0.698,0.3525
higher_is_attack,0.06621354760229588,0.890502354788069,0.7090625,0.7894919972164232,0.6975,0.34875
higher_is_attack,0.0662501249089837,0.8929133858267716,0.70875,0.7902439024390244,0.699,0.34
higher_is_attack,0.06627161110937596,0.8945497630331753,0.7078125,0.7903000697836706,0.6995,0.33375
higher_is_attack,0.06629633113741874,0.8969889064976229,0.7075,0.7910552061495457,0.701,0.325
higher_is_attack,0.06632785310596227,0.8990461049284578,0.706875,0.7914625612316305,0.702,0.3175
higher_is_attack,0.06637803477048874,0.8999202551834131,0.7053125,0.7908199018920813,0.7015,0.31375
higher_is_attack,0.06645227316766977,0.9,0.703125,0.7894736842105263,0.7,0.3125
higher_is_attack,0.0664799164608121,0.901685393258427,0.7021875,0.7895291637385805,0.7005,0.30625
higher_is_attack,0.06651891432702542,0.9037842190016103,0.7015625,0.7899366643209008,0.7015,0.29875
higher_is_attack,0.0665797189772129,0.9058966074313409,0.7009375,0.7903453136011276,0.7025,0.29125
higher_is_attack,0.0666421346589923,0.9084278768233387,0.700625,0.7911079745942131,0.704,0.2825
higher_is_attack,0.06670568175613881,0.9097560975609756,0.699375,0.7908127208480565,0.704,0.2775
higher_is_attack,0.06674907736480236,0.9127243066884176,0.699375,0.7919320594479831,0.706,0.2675
higher_is_attack,0.06678274359554053,0.9140752864157119,0.698125,0.7916371367824239,0.706,0.2625
higher_is_attack,0.06681795011460781,0.9158456486042693,0.6971875,0.7916962384669979,0.7065,0.25625
higher_is_attack,0.06687075839936733,0.9168039538714992,0.695625,0.7910447761194029,0.706,0.2525
higher_is_attack,0.06689862281084061,0.9181818181818182,0.694375,0.7907473309608541,0.706,0.2475
higher_is_attack,0.06694519348442554,0.9187396351575456,0.6925,0.789736279401283,0.705,0.245
higher_is_attack,0.06697198567539453,0.9197171381031614,0.6909375,0.7890792291220556,0.7045,0.24125
higher_is_attack,0.06701436636596918,0.9207011686143572,0.689375,0.7884203002144389,0.704,0.2375
higher_is_attack,0.0670443557202816,0.9221105527638191,0.688125,0.788117394416607,0.704,0.2325
higher_is_attack,0.06707093499600887,0.9222689075630253,0.6859375,0.7867383512544803,0.7025,0.23125
higher_is_attack,0.06710312370955944,0.9236930860033726,0.6846875,0.7864321608040201,0.7025,0.22625
higher_is_attack,0.06713059328496457,0.9251269035532995,0.6834375,0.7861250898634076,0.7025,0.22125
higher_is_attack,0.06715881812572479,0.9265704584040747,0.6821875,0.7858171346292296,0.7025,0.21625
higher_is_attack,0.06720370385795832,0.9275979557069847,0.680625,0.7851478010093728,0.702,0.2125
higher_is_attack,0.06725580386817455,0.9290598290598291,0.679375,0.7848375451263538,0.702,0.2075
higher_is_attack,0.06728660316765309,0.9292452830188679,0.6771875,0.7834417932031815,0.7005,0.20625
higher_is_attack,0.06732312168180943,0.9307228915662651,0.6759375,0.7831281679942071,0.7005,0.20125
higher_is_attack,0.06736129183322191,0.9322107081174439,0.6746875,0.7828136330674402,0.7005,0.19625
higher_is_attack,0.06740077251195907,0.9341421143847487,0.67375,0.7828612926652142,0.701,0.19
higher_is_attack,0.06743246372789144,0.9356521739130435,0.6725,0.7825454545454545,0.701,0.185
higher_is_attack,0.06750165300816297,0.93717277486911,0.67125,0.7822286962855062,0.701,0.18
higher_is_attack,0.0675581062734127,0.9382661996497373,0.6696875,0.7815463165572575,0.7005,0.17625
higher_is_attack,0.06762308288365602,0.9398066783831283,0.6684375,0.781227173119065,0.7005,0.17125
higher_is_attack,0.06767388343065978,0.941358024691358,0.6671875,0.7809070958302853,0.7005,0.16625
higher_is_attack,0.06775882709771394,0.9415929203539823,0.665,0.7794871794871795,0.699,0.165
higher_is_attack,0.06780798827111721,0.9431616341030196,0.66375,0.7791636096845195,0.699,0.16
higher_is_attack,0.06783604910969734,0.9442959001782532,0.6621875,0.7784717119764879,0.6985,0.15625
higher_is_attack,0.06789823554456234,0.9458855098389982,0.6609375,0.7781456953642384,0.6985,0.15125
higher_is_attack,0.06794039802998304,0.947935368043088,0.66,0.7781871775976419,0.699,0.145
higher_is_attack,0.06801286581903696,0.9477477477477477,0.6575,0.7763837638376384,0.697,0.145
higher_is_attack,0.0680407627671957,0.9489150090415913,0.6559375,0.7756836659275683,0.6965,0.14125
higher_is_attack,0.06809015441685914,0.9505444646098004,0.6546875,0.7753515914137675,0.6965,0.13625
higher_is_attack,0.06814046306908131,0.9512750455373407,0.6528125,0.7742772424017791,0.6955,0.13375
higher_is_attack,0.06818465991318226,0.9520109689213894,0.6509375,0.773199703043801,0.6945,0.13125
higher_is_attack,0.06824553556740284,0.9522935779816514,0.64875,0.7717472118959108,0.693,0.13
higher_is_attack,0.0683163086399436,0.9530386740331491,0.646875,0.77066269545793,0.692,0.1275
higher_is_attack,0.06838792015612126,0.9547134935304991,0.645625,0.7703206562266965,0.692,0.1225
higher_is_attack,0.06843413911014795,0.9559369202226345,0.6440625,0.7696041822255415,0.6915,0.11875
higher_is_attack,0.06848633143305778,0.9567039106145251,0.6421875,0.7685115931189229,0.6905,0.11625
higher_is_attack,0.06851086162030696,0.9570093457943926,0.64,0.7670411985018727,0.689,0.115
higher_is_attack,0.06857057391852141,0.9582551594746717,0.6384375,0.7663165791447862,0.6885,0.11125
higher_is_attack,0.06863186315447092,0.9580979284369114,0.6359375,0.7644628099173554,0.6865,0.11125
higher_is_attack,0.06866879569739104,0.9598298676748582,0.6346875,0.7641083521444695,0.6865,0.10625
higher_is_attack,0.06870749644190073,0.961100569259962,0.633125,0.7633760361718162,0.686,0.1025
higher_is_attack,0.06876147948205472,0.9614285714285714,0.6309375,0.7618867924528302,0.6845,0.10125
higher_is_attack,0.06880078234523535,0.9622370936902486,0.6290625,0.7607709750566893,0.6835,0.09875
higher_is_attack,0.06885133983939887,0.9625719769673704,0.626875,0.7592732778198334,0.682,0.0975
higher_is_attack,0.0688865072876215,0.964354527938343,0.625625,0.7589082638362395,0.682,0.0925
higher_is_attack,0.06894685148447752,0.9656673114119922,0.6240625,0.758162490508732,0.6815,0.08875
higher_is_attack,0.06898305039852858,0.9660194174757282,0.621875,0.7566539923954373,0.68,0.0875
higher_is_attack,0.06903038722276687,0.966374269005848,0.6196875,0.7551408987052551,0.6785,0.08625
higher_is_attack,0.06908994943648576,0.9672211350293543,0.6178125,0.7540045766590389,0.6775,0.08375
higher_is_attack,0.06916560406982898,0.9685658153241651,0.61625,0.7532467532467533,0.677,0.08
higher_is_attack,0.06919265338033438,0.9694280078895463,0.614375,0.7521040550879877,0.676,0.0775
higher_is_attack,0.06923467006534338,0.9707920792079208,0.6128125,0.7513409961685824,0.6755,0.07375
higher_is_attack,0.06926388774067163,0.9711729622266402,0.610625,0.7498081350729087,0.674,0.0725
higher_is_attack,0.06932989437133073,0.9715568862275449,0.6084375,0.7482705611068409,0.6725,0.07125
higher_is_attack,0.06939236376434564,0.9714428857715431,0.6059375,0.7463433410315627,0.6705,0.07125
higher_is_attack,0.06941982715576887,0.971830985915493,0.60375,0.7447956823438705,0.669,0.07
higher_is_attack,0.06947428096085786,0.9717171717171718,0.60125,0.7428571428571429,0.667,0.07
higher_is_attack,0.06952808102965355,0.9731237322515213,0.5996875,0.7420726991492653,0.6665,0.06625
higher_is_attack,0.06956295852363109,0.9755600814663951,0.59875,0.7420604182804028,0.667,0.06
higher_is_attack,0.06967628556489945,0.976482617586912,0.596875,0.7408844065166796,0.666,0.0575
higher_is_attack,0.06977516263723374,0.9779260780287474,0.5953125,0.7400932400932401,0.6655,0.05375
higher_is_attack,0.06980513788759708,0.9783505154639175,0.593125,0.7385214007782102,0.664,0.0525
higher_is_attack,0.06982535687834024,0.979296066252588,0.59125,0.7373343725643025,0.663,0.05
higher_is_attack,0.06987831751257181,0.9802494802494802,0.589375,0.7361436377829821,0.662,0.0475
higher_is_attack,0.06994915027916432,0.9812108559498957,0.5875,0.7349491790461298,0.661,0.045
higher_is_attack,0.0699824083596468,0.9827044025157232,0.5859375,0.7341425215348473,0.6605,0.04125
higher_is_attack,0.07006713058799505,0.9836842105263158,0.5840625,0.7329411764705882,0.6595,0.03875
higher_is_attack,0.07011435534805059,0.9862579281183932,0.583125,0.7329143754909663,0.66,0.0325
higher_is_attack,0.07015405331552028,0.9861995753715499,0.580625,0.7309205350118018,0.658,0.0325
higher_is_attack,0.07021693174540997,0.9866737739872068,0.5784375,0.7293144208037825,0.6565,0.03125
higher_is_attack,0.0702641550898552,0.987152034261242,0.57625,0.7277032359905288,0.655,0.03
higher_is_attack,0.07032226409763098,0.9876344086021506,0.5740625,0.7260869565217392,0.6535,0.02875
higher_is_attack,0.07039051631838084,0.9881209503239741,0.571875,0.7244655581947743,0.652,0.0275
higher_is_attack,0.0704506042227149,0.9880694143167028,0.569375,0.7224425059476606,0.65,0.0275
higher_is_attack,0.07051883245259523,0.9880174291938998,0.566875,0.7204130262112788,0.648,0.0275
higher_is_attack,0.07060346425324679,0.9879649890590809,0.564375,0.7183770883054893,0.646,0.0275
higher_is_attack,0.0706676047295332,0.987912087912088,0.561875,0.7163346613545817,0.644,0.0275
higher_is_attack,0.07077377551794052,0.9878587196467992,0.559375,0.7142857142857143,0.642,0.0275
higher_is_attack,0.0708578196913004,0.988359201773836,0.5571875,0.7126298960831335,0.6405,0.02625
higher_is_attack,0.07094166823476553,0.9883073496659243,0.5546875,0.710568454763811,0.6385,0.02625
higher_is_attack,0.07104367911070586,0.9888143176733781,0.5525,0.7089013632718525,0.637,0.025
higher_is_attack,0.07110994350165128,0.9898876404494382,0.550625,0.7076305220883534,0.636,0.0225
higher_is_attack,0.07115030638873578,0.989841986455982,0.548125,0.7055510860820595,0.634,0.0225
higher_is_attack,0.07125399495661258,0.9909297052154195,0.54625,0.7042707493956487,0.633,0.02
higher_is_attack,0.0713707594871521,0.9914578587699316,0.5440625,0.7025827280064568,0.6315,0.01875
higher_is_attack,0.0714375297650695,0.9919908466819222,0.541875,0.7008892481810832,0.63,0.0175
higher_is_attack,0.07151715740561486,0.9936781609195402,0.5403125,0.7,0.6295,0.01375
higher_is_attack,0.07163164214789867,0.9948036951501155,0.5384375,0.6987023519870236,0.6285,0.01125
higher_is_attack,0.07172392815351486,0.9953596287703016,0.53625,0.6969943135662063,0.627,0.01
higher_is_attack,0.07180692282319069,0.9953379953379954,0.53375,0.6948738812042311,0.625,0.01
higher_is_attack,0.0718949248790741,0.9964871194379391,0.531875,0.6935615321923391,0.624,0.0075
higher_is_attack,0.07194329835474492,0.9976470588235294,0.53,0.6922448979591836,0.623,0.005
higher_is_attack,0.07208545299619436,0.9976359338061466,0.5275,0.6901062959934587,0.621,0.005
higher_is_attack,0.07215939238667488,0.997624703087886,0.525,0.687960687960688,0.619,0.005
higher_is_attack,0.07229673751443624,0.9976133651551312,0.5225,0.6858080393765381,0.617,0.005
higher_is_attack,0.07239237958937883,0.9976019184652278,0.52,0.6836483155299918,0.615,0.005
higher_is_attack,0.07260814629495144,0.9981927710843373,0.5178125,0.6818930041152264,0.6135,0.00375
higher_is_attack,0.07273284287005663,0.9981840193704601,0.5153125,0.6797197032151691,0.6115,0.00375
higher_is_attack,0.0728393599241972,0.9981751824817519,0.5128125,0.6775392237819984,0.6095,0.00375
higher_is_attack,0.07301392523944378,0.9987775061124694,0.510625,0.6757650951199339,0.608,0.0025
higher_is_attack,0.07316960552334784,0.9987714987714987,0.508125,0.6735708367854184,0.606,0.0025
higher_is_attack,0.07333720833063125,0.9987654320987654,0.505625,0.6713692946058091,0.604,0.0025
higher_is_attack,0.07380958491563797,0.9987593052109182,0.503125,0.6691604322527016,0.602,0.0025
higher_is_attack,0.07420601201802492,1.0,0.50125,0.6677768526228143,0.601,0.0
higher_is_attack,0.07475757205486296,1.0,0.49875,0.6655546288573811,0.599,0.0
higher_is_attack,0.07559737624973058,1.0,0.49625,0.6633249791144528,0.597,0.0
higher_is_attack,0.0760007244348526,1.0,0.49375,0.6610878661087866,0.595,0.0
higher_is_attack,0.07712992291897536,1.0,0.49125,0.6588432523051132,0.593,0.0
higher_is_attack,0.07775747102499009,1.0,0.48875,0.6565910999160369,0.591,0.0
higher_is_attack,0.07797903252393008,1.0,0.48625,0.6543313708999159,0.589,0.0
higher_is_attack,0.07826463362574577,1.0,0.48375,0.6520640269587195,0.587,0.0
higher_is_attack,0.07848875641822814,1.0,0.48125,0.6497890295358649,0.585,0.0
higher_is_attack,0.07868295992165804,1.0,0.47875,0.6475063398140322,0.583,0.0
higher_is_attack,0.07883746108412742,1.0,0.47625,0.6452159187129551,0.581,0.0
higher_is_attack,0.07897224153578282,1.0,0.47375,0.6429177268871925,0.579,0.0
higher_is_attack,0.07915042523294687,1.0,0.47125,0.6406117247238743,0.577,0.0
higher_is_attack,0.07924714591354132,1.0,0.46875,0.6382978723404256,0.575,0.0
higher_is_attack,0.07936928534507752,1.0,0.46625,0.6359761295822677,0.573,0.0
higher_is_attack,0.07944244063645602,1.0,0.46375,0.6336464560204953,0.571,0.0
higher_is_attack,0.07954665625840426,1.0,0.46125,0.6313088109495295,0.569,0.0
higher_is_attack,0.0796752090677619,1.0,0.45875,0.6289631533847472,0.567,0.0
higher_is_attack,0.07979106936603786,1.0,0.45625,0.6266094420600858,0.565,0.0
higher_is_attack,0.07991053617745637,1.0,0.45375,0.6242476354256233,0.563,0.0
higher_is_attack,0.0799800356850028,1.0,0.45125,0.6218776916451335,0.561,0.0
higher_is_attack,0.08007105666399002,1.0,0.44875,0.6194995685936152,0.559,0.0
higher_is_attack,0.08020066396892071,1.0,0.44625,0.6171132238547969,0.557,0.0
higher_is_attack,0.08028634931892156,1.0,0.44375,0.6147186147186147,0.555,0.0
higher_is_attack,0.08043563581258059,1.0,0.44125,0.6123156981786644,0.553,0.0
higher_is_attack,0.08054618664830923,1.0,0.43875,0.6099044309296264,0.551,0.0
higher_is_attack,0.08065468130260706,1.0,0.43625,0.6074847693646649,0.549,0.0
higher_is_attack,0.08074060606211424,1.0,0.43375,0.6050566695727986,0.547,0.0
higher_is_attack,0.08080721497535706,1.0,0.43125,0.6026200873362445,0.545,0.0
higher_is_attack,0.08088519445061684,1.0,0.42875,0.600174978127734,0.543,0.0
higher_is_attack,0.0809488805308938,1.0,0.42625,0.5977212971078002,0.541,0.0
higher_is_attack,0.08106086591631174,1.0,0.42375,0.5952589991220368,0.539,0.0
higher_is_attack,0.08112585154920816,1.0,0.42125,0.592788038698329,0.537,0.0
higher_is_attack,0.08121145866811276,1.0,0.41875,0.5903083700440529,0.535,0.0
higher_is_attack,0.08131798952072859,1.0,0.41625,0.587819947043248,0.533,0.0
higher_is_attack,0.08140853718668223,1.0,0.41375,0.5853227232537578,0.531,0.0
higher_is_attack,0.08146085949242116,1.0,0.41125,0.5828166519043402,0.529,0.0
higher_is_attack,0.08152057721465826,1.0,0.40875,0.580301685891748,0.527,0.0
higher_is_attack,0.08155346121639014,1.0,0.40625,0.5777777777777777,0.525,0.0
higher_is_attack,0.08160011105239391,1.0,0.40375,0.5752448797862867,0.523,0.0
higher_is_attack,0.08167670394480228,1.0,0.40125,0.5727029438001784,0.521,0.0
higher_is_attack,0.08176205205917358,1.0,0.39875,0.5701519213583557,0.519,0.0
higher_is_attack,0.08179039275646209,1.0,0.39625,0.567591763652641,0.517,0.0
higher_is_attack,0.0818576767295599,1.0,0.39375,0.5650224215246636,0.515,0.0
higher_is_attack,0.08191082310676574,1.0,0.39125,0.5624438454627134,0.513,0.0
higher_is_attack,0.08201355178654193,1.0,0.38875,0.5598559855985599,0.511,0.0
higher_is_attack,0.08212652354687452,1.0,0.38625,0.5572587917042381,0.509,0.0
higher_is_attack,0.08217964942008257,1.0,0.38375,0.5546522131887985,0.507,0.0
higher_is_attack,0.08224897295236588,1.0,0.38125,0.5520361990950227,0.505,0.0
higher_is_attack,0.0823010110706091,1.0,0.37875,0.5494106980961015,0.503,0.0
higher_is_attack,0.08237650414556265,1.0,0.37625,0.5467756584922797,0.501,0.0
higher_is_attack,0.08243616385012865,1.0,0.37375,0.5441310282074613,0.499,0.0
higher_is_attack,0.08250990937650204,1.0,0.37125,0.5414767547857794,0.497,0.0
higher_is_attack,0.08261943779885769,1.0,0.36875,0.5388127853881278,0.495,0.0
higher_is_attack,0.0827115221992135,1.0,0.36625,0.5361390667886551,0.493,0.0
higher_is_attack,0.08275859227776527,1.0,0.36375,0.5334555453712191,0.491,0.0
higher_is_attack,0.08282731690257787,1.0,0.36125,0.5307621671258035,0.489,0.0
higher_is_attack,0.08291022270917892,1.0,0.35875,0.5280588776448942,0.487,0.0
higher_is_attack,0.08296147026121617,1.0,0.35625,0.5253456221198156,0.485,0.0
higher_is_attack,0.08301184487342834,1.0,0.35375,0.5226223453370268,0.483,0.0
higher_is_attack,0.08309803899377584,1.0,0.35125,0.5198889916743756,0.481,0.0
higher_is_attack,0.0831502367258072,1.0,0.34875,0.5171455050973123,0.479,0.0
higher_is_attack,0.0832248021736741,1.0,0.34625,0.5143918291550603,0.477,0.0
higher_is_attack,0.08334515132009983,1.0,0.34375,0.5116279069767442,0.475,0.0
higher_is_attack,0.08339875564724207,1.0,0.34125,0.5088536812674743,0.473,0.0
higher_is_attack,0.083456541121006,1.0,0.33875,0.5060690943043884,0.471,0.0
higher_is_attack,0.0835267572030425,1.0,0.33625,0.5032740879326474,0.469,0.0
higher_is_attack,0.08358901167660951,1.0,0.33375,0.5004686035613871,0.467,0.0
higher_is_attack,0.08366601947695017,1.0,0.33125,0.49765258215962443,0.465,0.0
higher_is_attack,0.0837614039555192,1.0,0.32875,0.49482596425211667,0.463,0.0
higher_is_attack,0.08381718325614929,1.0,0.32625,0.49198868991517436,0.461,0.0
higher_is_attack,0.08386550559848548,1.0,0.32375,0.48914069877242683,0.459,0.0
higher_is_attack,0.08392588056623936,1.0,0.32125,0.48628192999053926,0.457,0.0
higher_is_attack,0.08401735924184323,1.0,0.31875,0.4834123222748815,0.455,0.0
higher_is_attack,0.08419517381489278,1.0,0.31625,0.4805318138651472,0.453,0.0
higher_is_attack,0.0842559587880969,1.0,0.31375,0.4776403425309229,0.451,0.0
higher_is_attack,0.08429263939708471,1.0,0.31125,0.4747378455672069,0.449,0.0
higher_is_attack,0.08435326880216598,1.0,0.30875,0.47182425978987586,0.447,0.0
higher_is_attack,0.08444394312798977,1.0,0.30625,0.4688995215311005,0.445,0.0
higher_is_attack,0.08450538598746062,1.0,0.30375,0.46596356663470756,0.443,0.0
higher_is_attack,0.0845867942944169,1.0,0.30125,0.46301633045148893,0.441,0.0
higher_is_attack,0.08466324100643396,1.0,0.29875,0.4600577478344562,0.439,0.0
higher_is_attack,0.08475627037137747,1.0,0.29625,0.4570877531340405,0.437,0.0
higher_is_attack,0.08484756674617529,1.0,0.29375,0.45410628019323673,0.435,0.0
higher_is_attack,0.08490903435647487,1.0,0.29125,0.45111326234269117,0.433,0.0
higher_is_attack,0.08500187635421753,1.0,0.28875,0.4481086323957323,0.431,0.0
higher_is_attack,0.08506753166764974,1.0,0.28625,0.44509232264334303,0.429,0.0
higher_is_attack,0.08518379168212414,1.0,0.28375,0.44206426484907496,0.427,0.0
higher_is_attack,0.0852598899975419,1.0,0.28125,0.43902439024390244,0.425,0.0
higher_is_attack,0.08532400626689196,1.0,0.27875,0.4359726295210166,0.423,0.0
higher_is_attack,0.08541975817084313,1.0,0.27625,0.43290891283055827,0.421,0.0
higher_is_attack,0.08554921478778124,1.0,0.27375,0.42983316977428854,0.419,0.0
higher_is_attack,0.08560018050670624,1.0,0.27125,0.42674532940019666,0.417,0.0
higher_is_attack,0.08570333287119865,1.0,0.26875,0.4236453201970443,0.415,0.0
higher_is_attack,0.08577001482248306,1.0,0.26625,0.420533070088845,0.413,0.0
higher_is_attack,0.0858592972829938,1.0,0.26375,0.41740850642927796,0.411,0.0
higher_is_attack,0.08592562809586525,1.0,0.26125,0.41427155599603566,0.409,0.0
higher_is_attack,0.08598377218097449,1.0,0.25875,0.41112214498510424,0.407,0.0
higher_is_attack,0.08615014437586069,1.0,0.25625,0.4079601990049751,0.405,0.0
higher_is_attack,0.08624739263206721,1.0,0.25375,0.4047856430707876,0.403,0.0
higher_is_attack,0.08642360494285822,1.0,0.25125,0.4015984015984016,0.401,0.0
higher_is_attack,0.08649615103751421,1.0,0.24875,0.3983983983983984,0.399,0.0
higher_is_attack,0.08660319502651692,1.0,0.24625,0.39518555667001004,0.397,0.0
higher_is_attack,0.08672278106212616,1.0,0.24375,0.39195979899497485,0.395,0.0
higher_is_attack,0.0869063227623701,1.0,0.24125,0.38872104733131924,0.393,0.0
higher_is_attack,0.08703239647299052,1.0,0.23875,0.3854692230070636,0.391,0.0
higher_is_attack,0.08716589315980673,1.0,0.23625,0.3822042467138524,0.389,0.0
higher_is_attack,0.08733910865336658,1.0,0.23375,0.3789260385005066,0.387,0.0
higher_is_attack,0.08750203430652619,1.0,0.23125,0.3756345177664975,0.385,0.0
higher_is_attack,0.08765208435803652,1.0,0.22875,0.3723296032553408,0.383,0.0
higher_is_attack,0.0877659053504467,1.0,0.22625,0.3690112130479103,0.381,0.0
higher_is_attack,0.08787632217258215,1.0,0.22375,0.36567926455566907,0.379,0.0
higher_is_attack,0.08806303711980581,1.0,0.22125,0.3623336745138178,0.377,0.0
higher_is_attack,0.08830112311989069,1.0,0.21875,0.358974358974359,0.375,0.0
higher_is_attack,0.08846807756274938,1.0,0.21625,0.355601233299075,0.373,0.0
higher_is_attack,0.0886283027306199,1.0,0.21375,0.35221421215242016,0.371,0.0
higher_is_attack,0.08896161216497421,1.0,0.21125,0.34881320949432404,0.369,0.0
higher_is_attack,0.08919230230897665,1.0,0.20875,0.3453981385729059,0.367,0.0
higher_is_attack,0.08942093584686518,1.0,0.20625,0.34196891191709844,0.365,0.0
higher_is_attack,0.08953955302387476,1.0,0.20375,0.33852544132917967,0.363,0.0
higher_is_attack,0.08972484862059354,1.0,0.20125,0.3350676378772112,0.361,0.0
higher_is_attack,0.08985546777397395,1.0,0.19875,0.3315954118873827,0.359,0.0
higher_is_attack,0.09009700527787208,1.0,0.19625,0.3281086729362591,0.357,0.0
higher_is_attack,0.09031609449535608,1.0,0.19375,0.32460732984293195,0.355,0.0
higher_is_attack,0.09043305740505456,1.0,0.19125,0.3210912906610703,0.353,0.0
higher_is_attack,0.09059112989157438,1.0,0.18875,0.3175604626708728,0.351,0.0
higher_is_attack,0.09086432709544898,1.0,0.18625,0.31401475237091675,0.349,0.0
higher_is_attack,0.09097658646851778,1.0,0.18375,0.31045406546990495,0.347,0.0
higher_is_attack,0.09117876712232828,1.0,0.18125,0.30687830687830686,0.345,0.0
higher_is_attack,0.09135954862087965,1.0,0.17875,0.30328738069989397,0.343,0.0
higher_is_attack,0.09164633321762085,1.0,0.17625,0.29968119022316686,0.341,0.0
higher_is_attack,0.09177444464713336,1.0,0.17375,0.29605963791267303,0.339,0.0
higher_is_attack,0.09188353211432695,1.0,0.17125,0.29242262540021347,0.337,0.0
higher_is_attack,0.09195385854691267,1.0,0.16875,0.2887700534759358,0.335,0.0
higher_is_attack,0.09216160269826651,1.0,0.16625,0.28510182207931406,0.333,0.0
higher_is_attack,0.09232023143023252,1.0,0.16375,0.2814178302900107,0.331,0.0
higher_is_attack,0.09248776348680257,1.0,0.16125,0.27771797631862216,0.329,0.0
higher_is_attack,0.09269335471093655,1.0,0.15875,0.2740021574973031,0.327,0.0
higher_is_attack,0.0928732743486762,1.0,0.15625,0.2702702702702703,0.325,0.0
higher_is_attack,0.09309371615201235,1.0,0.15375,0.26652221018418204,0.323,0.0
higher_is_attack,0.09335914185643196,1.0,0.15125,0.26275787187839306,0.321,0.0
higher_is_attack,0.09348966559022666,1.0,0.14875,0.2589771490750816,0.319,0.0
higher_is_attack,0.09374674554914236,1.0,0.14625,0.25517993456924754,0.317,0.0
higher_is_attack,0.09397302810102702,1.0,0.14375,0.25136612021857924,0.315,0.0
higher_is_attack,0.09414075143635273,1.0,0.14125,0.2475355969331873,0.313,0.0
higher_is_attack,0.09440210184454918,1.0,0.13875,0.24368825466520308,0.311,0.0
higher_is_attack,0.09455664193630219,1.0,0.13625,0.23982398239823982,0.309,0.0
higher_is_attack,0.09467822497338056,1.0,0.13375,0.23594266813671444,0.307,0.0
higher_is_attack,0.09483358703553676,1.0,0.13125,0.23204419889502761,0.305,0.0
higher_is_attack,0.09501059518754483,1.0,0.12875,0.22812846068660023,0.303,0.0
higher_is_attack,0.09519813990592957,1.0,0.12625,0.2241953385127636,0.301,0.0
higher_is_attack,0.09533000239729882,1.0,0.12375,0.22024471635150167,0.299,0.0
higher_is_attack,0.09551194067299368,1.0,0.12125,0.21627647714604237,0.297,0.0
higher_is_attack,0.09562249194830656,1.0,0.11875,0.2122905027932961,0.295,0.0
higher_is_attack,0.09571698231995106,1.0,0.11625,0.20828667413213886,0.293,0.0
higher_is_attack,0.09584260720014572,1.0,0.11375,0.20426487093153758,0.291,0.0
higher_is_attack,0.09598084139823913,1.0,0.11125,0.20022497187851518,0.289,0.0
higher_is_attack,0.09614988805353641,1.0,0.10875,0.19616685456595265,0.287,0.0
higher_is_attack,0.09635767135769129,1.0,0.10625,0.192090395480226,0.285,0.0
higher_is_attack,0.09652477095276119,1.0,0.10375,0.18799546998867497,0.283,0.0
higher_is_attack,0.09672466951608658,1.0,0.10125,0.18388195232690124,0.281,0.0
higher_is_attack,0.09690575966984033,1.0,0.09875,0.17974971558589306,0.279,0.0
higher_is_attack,0.09707068721950056,1.0,0.09625,0.17559863169897377,0.277,0.0
higher_is_attack,0.09725468456745148,1.0,0.09375,0.17142857142857143,0.275,0.0
higher_is_attack,0.09751373772323133,1.0,0.09125,0.1672394043528064,0.273,0.0
higher_is_attack,0.09776276257634163,1.0,0.08875,0.16303099885189437,0.271,0.0
higher_is_attack,0.0979685166552663,1.0,0.08625,0.15880322209436135,0.269,0.0
higher_is_attack,0.09815332885086536,1.0,0.08375,0.15455594002306805,0.267,0.0
higher_is_attack,0.09833436418324709,1.0,0.08125,0.15028901734104047,0.265,0.0
higher_is_attack,0.0985593126192689,1.0,0.07875,0.14600231749710313,0.263,0.0
higher_is_attack,0.09874134036153555,1.0,0.07625,0.14169570267131243,0.261,0.0
higher_is_attack,0.09896849190443754,1.0,0.07375,0.13736903376018628,0.259,0.0
higher_is_attack,0.09924089054018259,1.0,0.07125,0.13302217036172695,0.257,0.0
higher_is_attack,0.09940619505941868,1.0,0.06875,0.1286549707602339,0.255,0.0
higher_is_attack,0.09948735606670382,1.0,0.06625,0.1242672919109027,0.253,0.0
higher_is_attack,0.09979417549073698,1.0,0.06375,0.11985898942420682,0.251,0.0
higher_is_attack,0.10005817291885616,1.0,0.06125,0.1154299175500589,0.249,0.0
higher_is_attack,0.10022723288089039,1.0,0.05875,0.11097992916174734,0.247,0.0
higher_is_attack,0.10059798814356327,1.0,0.05625,0.10650887573964497,0.245,0.0
higher_is_attack,0.1012088470607996,1.0,0.05375,0.10201660735468565,0.243,0.0
higher_is_attack,0.10136789245158435,1.0,0.05125,0.09750297265160524,0.241,0.0
higher_is_attack,0.1016059331744909,1.0,0.04875,0.09296781883194279,0.239,0.0
higher_is_attack,0.10190290246158838,1.0,0.04625,0.0884109916367981,0.237,0.0
higher_is_attack,0.10238610848784446,1.0,0.04375,0.08383233532934131,0.235,0.0
higher_is_attack,0.10258762390911579,1.0,0.04125,0.07923169267707082,0.233,0.0
higher_is_attack,0.102873710334301,1.0,0.03875,0.07460890493381468,0.231,0.0
higher_is_attack,0.10318472833186389,1.0,0.03625,0.06996381182147166,0.229,0.0
higher_is_attack,0.1034665039330721,1.0,0.03375,0.06529625151148731,0.227,0.0
higher_is_attack,0.10362457782030106,1.0,0.03125,0.06060606060606061,0.225,0.0
higher_is_attack,0.10390033844858408,1.0,0.02875,0.05589307411907655,0.223,0.0
higher_is_attack,0.10427114915847777,1.0,0.02625,0.05115712545676005,0.221,0.0
higher_is_attack,0.10467083810269825,1.0,0.02375,0.0463980463980464,0.219,0.0
higher_is_attack,0.10527636273950337,1.0,0.02125,0.0416156670746634,0.217,0.0
higher_is_attack,0.10576312940567731,1.0,0.01875,0.03680981595092025,0.215,0.0
higher_is_attack,0.1065187612622976,1.0,0.01625,0.03198031980319803,0.213,0.0
higher_is_attack,0.10802545031905174,1.0,0.01375,0.027127003699136867,0.211,0.0
higher_is_attack,0.10870633779466152,1.0,0.01125,0.022249690976514216,0.209,0.0
higher_is_attack,0.10941667249053719,1.0,0.00875,0.01734820322180917,0.207,0.0
higher_is_attack,0.11100594334304337,1.0,0.00625,0.012422360248447204,0.205,0.0
higher_is_attack,0.11281332874298096,1.0,0.00375,0.007471980074719801,0.203,0.0
higher_is_attack,0.11387580245733264,1.0,0.00125,0.0024968789013732834,0.201,0.0
lower_is_attack,0.042098904486745595,1.0,0.00125,0.0024968789013732834,0.201,0.0
lower_is_attack,0.04333543625473976,1.0,0.00375,0.007471980074719801,0.203,0.0
lower_is_attack,0.043939804434776304,1.0,0.00625,0.012422360248447204,0.205,0.0
lower_is_attack,0.04438711668923497,1.0,0.00875,0.01734820322180917,0.207,0.0
lower_is_attack,0.04485963235422969,1.0,0.01125,0.022249690976514216,0.209,0.0
lower_is_attack,0.04532831079512834,1.0,0.01375,0.027127003699136867,0.211,0.0
lower_is_attack,0.04563739968836308,1.0,0.01625,0.03198031980319803,0.213,0.0
lower_is_attack,0.04588678792119026,1.0,0.01875,0.03680981595092025,0.215,0.0
lower_is_attack,0.04607691555842757,1.0,0.02125,0.0416156670746634,0.217,0.0
lower_is_attack,0.04627914893627167,1.0,0.02375,0.0463980463980464,0.219,0.0
lower_is_attack,0.04644862879440188,1.0,0.02625,0.05115712545676005,0.221,0.0
lower_is_attack,0.04668796721845865,1.0,0.02875,0.05589307411907655,0.223,0.0
lower_is_attack,0.04695110581815243,1.0,0.03125,0.06060606060606061,0.225,0.0
lower_is_attack,0.04705252133309841,1.0,0.03375,0.06529625151148731,0.227,0.0
lower_is_attack,0.04714359244331717,1.0,0.03625,0.06996381182147166,0.229,0.0
lower_is_attack,0.047315471425652504,1.0,0.03875,0.07460890493381468,0.231,0.0
lower_is_attack,0.04742739288881421,1.0,0.04125,0.07923169267707082,0.233,0.0
lower_is_attack,0.04749178633093834,1.0,0.04375,0.08383233532934131,0.235,0.0
lower_is_attack,0.04761277030780912,1.0,0.04625,0.0884109916367981,0.237,0.0
lower_is_attack,0.047716493666172026,1.0,0.04875,0.09296781883194279,0.239,0.0
lower_is_attack,0.04780737008154392,1.0,0.05125,0.09750297265160524,0.241,0.0
lower_is_attack,0.04786434582993388,1.0,0.05375,0.10201660735468565,0.243,0.0
lower_is_attack,0.04793524144217372,1.0,0.05625,0.10650887573964497,0.245,0.0
lower_is_attack,0.04803736917674541,1.0,0.05875,0.11097992916174734,0.247,0.0
lower_is_attack,0.04816061607375741,1.0,0.06125,0.1154299175500589,0.249,0.0
lower_is_attack,0.04827578644454479,1.0,0.06375,0.11985898942420682,0.251,0.0
lower_is_attack,0.0483899762108922,1.0,0.06625,0.1242672919109027,0.253,0.0
lower_is_attack,0.04846105931326747,1.0,0.06875,0.1286549707602339,0.255,0.0
lower_is_attack,0.04858302506431937,1.0,0.07125,0.13302217036172695,0.257,0.0
lower_is_attack,0.048644448805600406,1.0,0.07375,0.13736903376018628,0.259,0.0
lower_is_attack,0.048831714183092116,1.0,0.07625,0.14169570267131243,0.261,0.0
lower_is_attack,0.04890737048909068,1.0,0.07875,0.14600231749710313,0.263,0.0
lower_is_attack,0.04899338718503714,1.0,0.08125,0.15028901734104047,0.265,0.0
lower_is_attack,0.04907270084321499,1.0,0.08375,0.15455594002306805,0.267,0.0
lower_is_attack,0.04913499020412564,1.0,0.08625,0.15880322209436135,0.269,0.0
lower_is_attack,0.04921701211109757,1.0,0.08875,0.16303099885189437,0.271,0.0
lower_is_attack,0.049310626775026324,1.0,0.09125,0.1672394043528064,0.273,0.0
lower_is_attack,0.04938141647726298,1.0,0.09375,0.17142857142857143,0.275,0.0
lower_is_attack,0.04944025817885995,1.0,0.09625,0.17559863169897377,0.277,0.0
lower_is_attack,0.049518707256764175,1.0,0.09875,0.17974971558589306,0.279,0.0
lower_is_attack,0.0496217337064445,1.0,0.10125,0.18388195232690124,0.281,0.0
lower_is_attack,0.049733660358935596,1.0,0.10375,0.18799546998867497,0.283,0.0
lower_is_attack,0.04983009682968259,1.0,0.10625,0.192090395480226,0.285,0.0
lower_is_attack,0.04991037467867136,1.0,0.10875,0.19616685456595265,0.287,0.0
lower_is_attack,0.04997027993574738,1.0,0.11125,0.20022497187851518,0.289,0.0
lower_is_attack,0.050021959852427245,1.0,0.11375,0.20426487093153758,0.291,0.0
lower_is_attack,0.05010772935301065,1.0,0.11625,0.20828667413213886,0.293,0.0
lower_is_attack,0.05022375063970685,1.0,0.11875,0.2122905027932961,0.295,0.0
lower_is_attack,0.0502708078622818,1.0,0.12125,0.21627647714604237,0.297,0.0
lower_is_attack,0.050372642509639264,1.0,0.12375,0.22024471635150167,0.299,0.0
lower_is_attack,0.050464784666895864,1.0,0.12625,0.2241953385127636,0.301,0.0
lower_is_attack,0.050549275219440463,1.0,0.12875,0.22812846068660023,0.303,0.0
lower_is_attack,0.0506572544015944,1.0,0.13125,0.23204419889502761,0.305,0.0
lower_is_attack,0.0507211786173284,1.0,0.13375,0.23594266813671444,0.307,0.0
lower_is_attack,0.05082650710642338,1.0,0.13625,0.23982398239823982,0.309,0.0
lower_is_attack,0.05096863400936127,1.0,0.13875,0.24368825466520308,0.311,0.0
lower_is_attack,0.05105557965859771,1.0,0.14125,0.2475355969331873,0.313,0.0
lower_is_attack,0.05117461938410997,1.0,0.14375,0.25136612021857924,0.315,0.0
lower_is_attack,0.05127934474870562,1.0,0.14625,0.25517993456924754,0.317,0.0
lower_is_attack,0.051392634607851505,1.0,0.14875,0.2589771490750816,0.319,0.0
lower_is_attack,0.051448341969400645,1.0,0.15125,0.26275787187839306,0.321,0.0
lower_is_attack,0.051555437300354244,1.0,0.15375,0.26652221018418204,0.323,0.0
lower_is_attack,0.05160388955846429,1.0,0.15625,0.2702702702702703,0.325,0.0
lower_is_attack,0.05169185364246368,1.0,0.15875,0.2740021574973031,0.327,0.0
lower_is_attack,0.0517621890604496,1.0,0.16125,0.27771797631862216,0.329,0.0
lower_is_attack,0.05182067396491766,1.0,0.16375,0.2814178302900107,0.331,0.0
lower_is_attack,0.05192493344470859,1.0,0.16625,0.28510182207931406,0.333,0.0
lower_is_attack,0.05198500953614712,1.0,0.16875,0.2887700534759358,0.335,0.0
lower_is_attack,0.05205773617327213,1.0,0.17125,0.29242262540021347,0.337,0.0
lower_is_attack,0.05217793254926801,1.0,0.17375,0.29605963791267303,0.339,0.0
lower_is_attack,0.052314681630581616,1.0,0.17625,0.29968119022316686,0.341,0.0
lower_is_attack,0.05237168517708778,1.0,0.17875,0.30328738069989397,0.343,0.0
lower_is_attack,0.05248629940673709,1.0,0.18125,0.30687830687830686,0.345,0.0
lower_is_attack,0.05257235662266612,1.0,0.18375,0.31045406546990495,0.347,0.0
lower_is_attack,0.0526599270068109,1.0,0.18625,0.31401475237091675,0.349,0.0
lower_is_attack,0.05275814853236079,1.0,0.18875,0.3175604626708728,0.351,0.0
lower_is_attack,0.05283740383014083,1.0,0.19125,0.3210912906610703,0.353,0.0
lower_is_attack,0.05293796185404062,1.0,0.19375,0.32460732984293195,0.355,0.0
lower_is_attack,0.05307864945754409,1.0,0.19625,0.3281086729362591,0.357,0.0
lower_is_attack,0.05314495724439621,1.0,0.19875,0.3315954118873827,0.359,0.0
lower_is_attack,0.05328759671375156,1.0,0.20125,0.3350676378772112,0.361,0.0
lower_is_attack,0.05350061870366335,1.0,0.20375,0.33852544132917967,0.363,0.0
lower_is_attack,0.053606972005218266,1.0,0.20625,0.34196891191709844,0.365,0.0
lower_is_attack,0.05376880517601967,1.0,0.20875,0.3453981385729059,0.367,0.0
lower_is_attack,0.053983513031154874,1.0,0.21125,0.34881320949432404,0.369,0.0
lower_is_attack,0.05411576661095023,1.0,0.21375,0.35221421215242016,0.371,0.0
lower_is_attack,0.054219122860580685,1.0,0.21625,0.355601233299075,0.373,0.0
lower_is_attack,0.054373493511229755,1.0,0.21875,0.358974358974359,0.375,0.0
lower_is_attack,0.054560464531183246,1.0,0.22125,0.3623336745138178,0.377,0.0
lower_is_attack,0.054881373424082995,1.0,0.22375,0.36567926455566907,0.379,0.0
lower_is_attack,0.055034852717071765,1.0,0.22625,0.3690112130479103,0.381,0.0
lower_is_attack,0.05521894078701735,1.0,0.22875,0.3723296032553408,0.383,0.0
lower_is_attack,0.055497383940964935,1.0,0.23125,0.3756345177664975,0.385,0.0
lower_is_attack,0.05568937626853585,1.0,0.23375,0.3789260385005066,0.387,0.0
lower_is_attack,0.0558409483730793,0.9986772486772487,0.2359375,0.38169868554095043,0.3885,0.00125
lower_is_attack,0.05632333836704492,0.9986910994764397,0.2384375,0.3849646821392533,0.3905,0.00125
lower_is_attack,0.0567360314540565,0.9987046632124352,0.2409375,0.38821752265861026,0.3925,0.00125
lower_is_attack,0.05723025113344193,0.9974358974358974,0.243125,0.39095477386934674,0.394,0.0025
lower_is_attack,0.058135398089885715,0.9961928934010152,0.2453125,0.3936810431293882,0.3955,0.00375
lower_is_attack,0.05857758141309023,0.9912060301507538,0.2465625,0.3948948948948949,0.3955,0.00875
lower_is_attack,0.0590074846111238,0.9825870646766169,0.246875,0.3946053946053946,0.394,0.0175
lower_is_attack,0.05942381818592549,0.9729064039408867,0.246875,0.3938185443668993,0.392,0.0275
lower_is_attack,0.05973270617425442,0.9634146341463414,0.246875,0.39303482587064675,0.39,0.0375
lower_is_attack,0.06003951308131218,0.9565217391304348,0.2475,0.3932472691161867,0.389,0.045
lower_is_attack,0.060333616930991416,0.9473684210526315,0.2475,0.3924677898909812,0.387,0.055
lower_is_attack,0.06060232824832201,0.9395734597156398,0.2478125,0.39218595450049454,0.3855,0.06375
lower_is_attack,0.0606885126568377,0.9307511737089202,0.2478125,0.3914116485686081,0.3835,0.07375
lower_is_attack,0.06084792550653219,0.9232558139534883,0.248125,0.39113300492610836,0.382,0.0825
lower_is_attack,0.06100000358000398,0.9147465437788018,0.248125,0.39036381514257623,0.38,0.0925
lower_is_attack,0.06121028158813715,0.906392694063927,0.248125,0.38959764474975467,0.378,0.1025
lower_is_attack,0.06135479504242539,0.8993212669683258,0.2484375,0.3893241919686582,0.3765,0.11125
lower_is_attack,0.0615363529548049,0.8912556053811659,0.2484375,0.3885630498533724,0.3745,0.12125
lower_is_attack,0.06169925285503268,0.8855555555555555,0.2490625,0.38878048780487806,0.3735,0.12875
lower_is_attack,0.061817453503608705,0.8788546255506607,0.249375,0.3885102239532619,0.372,0.1375
lower_is_attack,0.061885203793644906,0.8744541484716157,0.2503125,0.3892128279883382,0.3715,0.14375
lower_is_attack,0.062024549696594475,0.8668831168831169,0.2503125,0.38845780795344326,0.3695,0.15375
lower_is_attack,0.062064734786748885,0.8605150214592274,0.250625,0.38818973862536305,0.368,0.1625
lower_is_attack,0.062161581441760067,0.8531914893617021,0.250625,0.38743961352657,0.366,0.1725
lower_is_attack,0.06226656889542937,0.8470464135021097,0.2509375,0.3871745419479267,0.3645,0.18125
lower_is_attack,0.062392168264836075,0.8410041841004184,0.25125,0.3869104908565929,0.363,0.19
lower_is_attack,0.06247419847920537,0.8360995850622407,0.251875,0.3871277617675312,0.362,0.1975
lower_is_attack,0.06262677540630102,0.8302469135802469,0.2521875,0.3868648130393097,0.3605,0.20625
lower_is_attack,0.06272464562207461,0.826530612244898,0.253125,0.3875598086124402,0.36,0.2125
lower_is_attack,0.06277505544573068,0.819838056680162,0.253125,0.3868194842406877,0.358,0.2225
lower_is_attack,0.06285526583343744,0.8132530120481928,0.253125,0.38608198284080075,0.356,0.2325
lower_is_attack,0.06301789809018374,0.8077689243027888,0.2534375,0.38582302568981924,0.3545,0.24125
lower_is_attack,0.06310956085473299,0.8013833992094862,0.2534375,0.38509021842355173,0.3525,0.25125
lower_is_attack,0.0632248779386282,0.796078431372549,0.25375,0.3848341232227488,0.351,0.26
lower_is_attack,0.06326578804850579,0.7898832684824902,0.25375,0.3841059602649007,0.349,0.27
lower_is_attack,0.06334210830181837,0.7866795366795367,0.2546875,0.38479697828139753,0.3485,0.27625
lower_is_attack,0.06341423716396094,0.7806513409961686,0.2546875,0.38407163053722904,0.3465,0.28625
lower_is_attack,0.06348904117196798,0.7775665399239544,0.255625,0.3847601128880527,0.346,0.2925
lower_is_attack,0.06353342391550541,0.7726415094339623,0.2559375,0.3845070422535211,0.3445,0.30125
lower_is_attack,0.06358769659698009,0.7677902621722846,0.25625,0.38425492033739456,0.343,0.31
lower_is_attack,0.0636728797852993,0.7639405204460966,0.256875,0.3844714686623012,0.342,0.3175
lower_is_attack,0.06375302023440599,0.7592250922509225,0.2571875,0.3842203548085901,0.3405,0.32625
lower_is_attack,0.06379455575346947,0.7545787545787546,0.2575,0.38397017707362535,0.339,0.335
lower_is_attack,0.06382534317672253,0.7509090909090909,0.258125,0.3841860465116279,0.338,0.3425
lower_is_attack,0.06387397760152817,0.7454873646209387,0.258125,0.38347260909935005,0.336,0.3525
lower_is_attack,0.06392275496572256,0.7410394265232975,0.2584375,0.38322520852641334,0.3345,0.36125
lower_is_attack,0.06398237613588571,0.7384341637010676,0.259375,0.38390379278445885,0.334,0.3675
lower_is_attack,0.06404223970323801,0.734982332155477,0.26,0.38411819021237303,0.333,0.375
lower_is_attack,0.06413661293685437,0.7333333333333333,0.26125,0.38525345622119817,0.333,0.38
lower_is_attack,0.06418838308751583,0.7290940766550522,0.2615625,0.3850045998160074,0.3315,0.38875
lower_is_attack,0.06423933457583189,0.7240484429065744,0.2615625,0.384297520661157,0.3295,0.39875
lower_is_attack,0.06436284111440181,0.7207903780068728,0.2621875,0.3845096241979835,0.3285,0.40625
lower_is_attack,0.06441061027348041,0.7175767918088737,0.2628125,0.3847209515096066,0.3275,0.41375
lower_is_attack,0.06445652928203344,0.714406779661017,0.2634375,0.38493150684931504,0.3265,0.42125
lower_is_attack,0.06449791141599416,0.7104377104377104,0.26375,0.3846855059252507,0.325,0.43
lower_is_attack,0.06457148506492376,0.705685618729097,0.26375,0.38398544131028206,0.323,0.44
lower_is_attack,0.06465457975864411,0.7034883720930233,0.2646875,0.3846503178928247,0.3225,0.44625
lower_is_attack,0.06469704861938953,0.7021452145214522,0.2659375,0.385766092475068,0.3225,0.45125
lower_is_attack,0.0647683984786272,0.6991803278688524,0.2665625,0.38597285067873305,0.3215,0.45875
lower_is_attack,0.06483644461631775,0.6962540716612378,0.2671875,0.3861788617886179,0.3205,0.46625
lower_is_attack,0.06489197959005832,0.6941747572815534,0.268125,0.38683498647430115,0.32,0.4725
lower_is_attack,0.06495151114463807,0.6913183279742765,0.26875,0.387038703870387,0.319,0.48
lower_is_attack,0.06499680483341216,0.6884984025559105,0.269375,0.38724168912848156,0.318,0.4875
lower_is_attack,0.06505462046712637,0.6849206349206349,0.2696875,0.38699551569506724,0.3165,0.49625
lower_is_attack,0.06512488453090191,0.6829652996845426,0.270625,0.38764547896150403,0.316,0.5025
lower_is_attack,0.06516362258791923,0.6802507836990596,0.27125,0.387846291331546,0.315,0.51
lower_is_attack,0.0652101074680686,0.6783489096573209,0.2721875,0.38849241748438895,0.3145,0.51625
lower_is_attack,0.06525092566013337,0.6756965944272446,0.2728125,0.38869100623330366,0.3135,0.52375
lower_is_attack,0.06528928950428962,0.6723076923076923,0.273125,0.3884444444444444,0.312,0.5325
lower_is_attack,0.06534912262856961,0.6704892966360856,0.2740625,0.3890860692102928,0.3115,0.53875
lower_is_attack,0.06539199663698674,0.6694528875379939,0.2753125,0.39016829052258634,0.3115,0.54375
lower_is_attack,0.06543495374172927,0.6661631419939577,0.275625,0.38992042440318303,0.31,0.5525
lower_is_attack,0.06551316010206938,0.6636636636636637,0.27625,0.3901147396293027,0.309,0.56
lower_is_attack,0.06555794097483159,0.6611940298507463,0.276875,0.3903083700440529,0.308,0.5675
lower_is_attack,0.06559660399705172,0.6594955489614244,0.2778125,0.3909410729991205,0.3075,0.57375
lower_is_attack,0.06563765799999237,0.6570796460176991,0.2784375,0.39113257243195787,0.3065,0.58125
lower_is_attack,0.06566167005896568,0.655425219941349,0.279375,0.39176161262050835,0.306,0.5875
lower_is_attack,0.06571785474568606,0.6530612244897959,0.28,0.39195100612423445,0.305,0.595
lower_is_attack,0.06575482327491045,0.6521739130434783,0.28125,0.3930131004366812,0.305,0.6
lower_is_attack,0.06578542824089527,0.649135446685879,0.2815625,0.3927637314734089,0.3035,0.60875
lower_is_attack,0.06584072162955999,0.6461318051575932,0.281875,0.39251523063533506,0.302,0.6175
lower_is_attack,0.06588644903898239,0.6431623931623932,0.2821875,0.39226759339704603,0.3005,0.62625
lower_is_attack,0.06594167719036341,0.6423512747875354,0.2834375,0.3933217692974848,0.3005,0.63125
lower_is_attack,0.06601126838475466,0.6401408450704226,0.2840625,0.3935064935064935,0.2995,0.63875
lower_is_attack,0.06603728055208921,0.6393557422969187,0.2853125,0.39455488331892824,0.2995,0.64375
lower_is_attack,0.06611655569821596,0.6406685236768802,0.2875,0.3968938740293356,0.301,0.645
lower_is_attack,0.06616247769445181,0.6412742382271468,0.289375,0.3987941429801895,0.302,0.6475
lower_is_attack,0.06621354760229588,0.6411845730027548,0.2909375,0.4002579535683577,0.3025,0.65125
lower_is_attack,0.0662501249089837,0.6383561643835617,0.29125,0.4,0.301,0.66
lower_is_attack,0.06627161110937596,0.6369209809264306,0.2921875,0.40059982862039417,0.3005,0.66625
lower_is_attack,0.06629633113741874,0.6341463414634146,0.2925,0.40034217279726264,0.299,0.675
lower_is_attack,0.06632785310596227,0.6320754716981132,0.293125,0.4005123825789923,0.298,0.6825
lower_is_attack,0.06637803477048874,0.6320375335120644,0.2946875,0.4019607843137255,0.2985,0.68625
lower_is_attack,0.06645227316766977,0.6333333333333333,0.296875,0.40425531914893614,0.3,0.6875
lower_is_attack,0.0664799164608121,0.6319628647214854,0.2978125,0.4048428207306712,0.2995,0.69375
lower_is_attack,0.06651891432702542,0.6299472295514512,0.2984375,0.40500424088210346,0.2985,0.70125
lower_is_attack,0.0665797189772129,0.6279527559055118,0.2990625,0.40516511430990687,0.2975,0.70875
lower_is_attack,0.0666421346589923,0.6253263707571801,0.299375,0.40490278951817416,0.296,0.7175
lower_is_attack,0.06670568175613881,0.6246753246753247,0.300625,0.4059071729957806,0.296,0.7225
lower_is_attack,0.06674907736480236,0.6214470284237726,0.300625,0.405223251895535,0.294,0.7325
lower_is_attack,0.06678274359554053,0.6208226221079691,0.301875,0.4062237174095879,0.294,0.7375
lower_is_attack,0.06681795011460781,0.6195652173913043,0.3028125,0.4068010075566751,0.2935,0.74375
lower_is_attack,0.06687075839936733,0.6195928753180662,0.304375,0.4082145850796312,0.294,0.7475
lower_is_attack,0.06689862281084061,0.6189873417721519,0.305625,0.4092050209205021,0.294,0.7525
lower_is_attack,0.06694519348442554,0.6196473551637279,0.3075,0.41102756892230574,0.295,0.755
lower_is_attack,0.06697198567539453,0.6196741854636592,0.3090625,0.4124270225187656,0.2955,0.75875
lower_is_attack,0.06701436636596918,0.6197007481296758,0.310625,0.4138218151540383,0.296,0.7625
lower_is_attack,0.0670443557202816,0.6191066997518611,0.311875,0.4147963424771405,0.296,0.7675
lower_is_attack,0.06707093499600887,0.6203703703703703,0.3140625,0.4170124481327801,0.2975,0.76875
lower_is_attack,0.06710312370955944,0.6197788697788698,0.3153125,0.4179784589892295,0.2975,0.77375
lower_is_attack,0.06713059328496457,0.6191931540342298,0.3165625,0.41894127377998347,0.2975,0.77875
lower_is_attack,0.06715881812572479,0.6186131386861314,0.3178125,0.4199009083402147,0.2975,0.78375
lower_is_attack,0.06720370385795832,0.6186440677966102,0.319375,0.42126957955482275,0.298,0.7875
lower_is_attack,0.06725580386817455,0.6180722891566265,0.320625,0.4222222222222222,0.298,0.7925
lower_is_attack,0.06728660316765309,0.6193045563549161,0.3228125,0.42440427280197207,0.2995,0.79375
lower_is_attack,0.06732312168180943,0.6187350835322196,0.3240625,0.4253486464315012,0.2995,0.79875
lower_is_attack,0.06736129183322191,0.6181710213776722,0.3253125,0.4262899262899263,0.2995,0.80375
lower_is_attack,0.06740077251195907,0.6170212765957447,0.32625,0.4268192968111202,0.299,0.81
lower_is_attack,0.06743246372789144,0.6164705882352941,0.3275,0.42775510204081635,0.299,0.815
lower_is_attack,0.06750165300816297,0.6159250585480094,0.32875,0.4286878565607172,0.299,0.82
lower_is_attack,0.0675581062734127,0.615967365967366,0.3303125,0.43002441008950365,0.2995,0.82375
lower_is_attack,0.06762308288365602,0.6154292343387471,0.3315625,0.4309504467912266,0.2995,0.82875
lower_is_attack,0.06767388343065978,0.6148960739030023,0.3328125,0.4318734793187348,0.2995,0.83375
lower_is_attack,0.06775882709771394,0.6160919540229886,0.335,0.4340080971659919,0.301,0.835
lower_is_attack,0.06780798827111721,0.6155606407322655,0.33625,0.4349232012934519,0.301,0.84
lower_is_attack,0.06783604910969734,0.6156036446469249,0.3378125,0.43623890234059726,0.3015,0.84375
lower_is_attack,0.06789823554456234,0.6150793650793651,0.3390625,0.4371474617244158,0.3015,0.84875
lower_is_attack,0.06794039802998304,0.6139954853273137,0.34,0.43765084473049076,0.301,0.855
lower_is_attack,0.06801286581903696,0.6157303370786517,0.3425,0.44016064257028115,0.303,0.855
lower_is_attack,0.0680407627671957,0.6157718120805369,0.3440625,0.4414595028067362,0.3035,0.85875
lower_is_attack,0.06809015441685914,0.6152561247216035,0.3453125,0.4423538831064852,0.3035,0.86375
lower_is_attack,0.06814046306908131,0.6158536585365854,0.3471875,0.4440447641886491,0.3045,0.86625
lower_is_attack,0.06818465991318226,0.6164459161147903,0.3490625,0.4457302474062251,0.3055,0.86875
lower_is_attack,0.06824553556740284,0.6175824175824176,0.35125,0.447808764940239,0.307,0.87
lower_is_attack,0.0683163086399436,0.6181619256017505,0.353125,0.4494828957836118,0.308,0.8725
lower_is_attack,0.06838792015612126,0.6176470588235294,0.354375,0.45035742652899124,0.308,0.8775
lower_is_attack,0.06843413911014795,0.6176789587852495,0.3559375,0.45162569389373514,0.3085,0.88125
lower_is_attack,0.06848633143305778,0.6182505399568035,0.3578125,0.45328582739509105,0.3095,0.88375
lower_is_attack,0.06851086162030696,0.6193548387096774,0.36,0.4553359683794466,0.311,0.885
lower_is_attack,0.06857057391852141,0.6193790149892934,0.3615625,0.4565903709550118,0.3115,0.88875
lower_is_attack,0.06863186315447092,0.6210021321961621,0.3640625,0.4590228526398739,0.3135,0.88875
lower_is_attack,0.06866879569739104,0.6204883227176221,0.3653125,0.459874114870181,0.3135,0.89375
lower_is_attack,0.06870749644190073,0.620507399577167,0.366875,0.46111547525530244,0.314,0.8975
lower_is_attack,0.06876147948205472,0.621578947368421,0.3690625,0.4631372549019608,0.3155,0.89875
lower_is_attack,0.06880078234523535,0.6221174004192872,0.3709375,0.4647611589663273,0.3165,0.90125
lower_is_attack,0.06885133983939887,0.6231732776617954,0.373125,0.46677091477716964,0.318,0.9025
lower_is_attack,0.0688865072876215,0.6226611226611226,0.374375,0.4676034348165496,0.318,0.9075
lower_is_attack,0.06894685148447752,0.6226708074534162,0.3759375,0.46882307092751363,0.3185,0.91125
lower_is_attack,0.06898305039852858,0.6237113402061856,0.378125,0.4708171206225681,0.32,0.9125
lower_is_attack,0.06903038722276687,0.6247433264887063,0.3803125,0.4728049728049728,0.3215,0.91375
lower_is_attack,0.06908994943648576,0.6252556237218814,0.3821875,0.4743987587276959,0.3225,0.91625
lower_is_attack,0.06916560406982898,0.6252545824847251,0.38375,0.4756003098373354,0.323,0.92
lower_is_attack,0.06919265338033438,0.6257606490872211,0.385625,0.477184841453983,0.324,0.9225
lower_is_attack,0.06923467006534338,0.6257575757575757,0.3871875,0.4783783783783784,0.3245,0.92625
lower_is_attack,0.06926388774067163,0.6267605633802817,0.389375,0.48033924441017734,0.326,0.9275
lower_is_attack,0.06932989437133073,0.6277555110220441,0.3915625,0.4822940723633564,0.3275,0.92875
lower_is_attack,0.06939236376434564,0.6292415169660679,0.3940625,0.4846272098385857,0.3295,0.92875
lower_is_attack,0.06941982715576887,0.6302186878727635,0.39625,0.48656945510360705,0.331,0.93
lower_is_attack,0.06947428096085786,0.6316831683168317,0.39875,0.4888888888888889,0.333,0.93
lower_is_attack,0.06952808102965355,0.6316568047337278,0.4003125,0.49005355776587606,0.3335,0.93375
lower_is_attack,0.06956295852363109,0.630648330058939,0.40125,0.4904507257448434,0.333,0.94
lower_is_attack,0.06967628556489945,0.6311154598825832,0.403125,0.4919908466819222,0.334,0.9425
lower_is_attack,0.06977516263723374,0.6310916179337231,0.4046875,0.49314546839299317,0.3345,0.94625
lower_is_attack,0.06980513788759708,0.6320388349514563,0.406875,0.4950570342205323,0.336,0.9475
lower_is_attack,0.06982535687834024,0.632495164410058,0.40875,0.49658314350797267,0.337,0.95
lower_is_attack,0.06987831751257181,0.6329479768786127,0.410625,0.4981046247156937,0.338,0.9525
lower_is_attack,0.06994915027916432,0.6333973128598849,0.4125,0.4996214988644966,0.339,0.955
lower_is_attack,0.0699824083596468,0.6333652007648184,0.4140625,0.500755857898715,0.3395,0.95875
lower_is_attack,0.07006713058799505,0.6338095238095238,0.4159375,0.5022641509433963,0.3405,0.96125
lower_is_attack,0.07011435534805059,0.6328273244781784,0.416875,0.5026375282592314,0.34,0.9675
lower_is_attack,0.07015405331552028,0.6342155009451795,0.419375,0.5048908954100828,0.342,0.9675
lower_is_attack,0.07021693174540997,0.6351224105461394,0.4215625,0.5067618332081142,0.3435,0.96875
lower_is_attack,0.0702641550898552,0.6360225140712945,0.42375,0.5086271567891973,0.345,0.97
lower_is_attack,0.07032226409763098,0.6369158878504673,0.4259375,0.5104868913857677,0.3465,0.97125
lower_is_attack,0.07039051631838084,0.6378026070763501,0.428125,0.512341062079282,0.348,0.9725
lower_is_attack,0.0704506042227149,0.6391465677179963,0.430625,0.5145631067961165,0.35,0.9725
lower_is_attack,0.07051883245259523,0.6404805914972274,0.433125,0.5167785234899329,0.352,0.9725
lower_is_attack,0.07060346425324679,0.641804788213628,0.435625,0.5189873417721519,0.354,0.9725
lower_is_attack,0.0706676047295332,0.6431192660550459,0.438125,0.521189591078067,0.356,0.9725
lower_is_attack,0.07077377551794052,0.6444241316270567,0.440625,0.5233853006681515,0.358,0.9725
lower_is_attack,0.0708578196913004,0.645264116575592,0.4428125,0.5252038547071906,0.3595,0.97375
lower_is_attack,0.07094166823476553,0.646551724137931,0.4453125,0.5273871206513694,0.3615,0.97375
lower_is_attack,0.07104367911070586,0.6473779385171791,0.4475,0.5291943828529194,0.363,0.975
lower_is_attack,0.07110994350165128,0.6477477477477478,0.449375,0.5306273062730628,0.364,0.9775
lower_is_attack,0.07115030638873578,0.6490125673249552,0.451875,0.5327929255711128,0.366,0.9775
lower_is_attack,0.07125399495661258,0.6493738819320215,0.45375,0.5342163355408388,0.367,0.98
lower_is_attack,0.0713707594871521,0.6501782531194296,0.4559375,0.5360029390154298,0.3685,0.98125
lower_is_attack,0.0714375297650695,0.6509769094138543,0.458125,0.5377842993396919,0.37,0.9825
lower_is_attack,0.07151715740561486,0.6508849557522124,0.4596875,0.5388278388278388,0.3705,0.98625
lower_is_attack,0.07163164214789867,0.6512345679012346,0.4615625,0.5402340892465253,0.3715,0.98875
lower_is_attack,0.07172392815351486,0.6520210896309314,0.46375,0.5420014609203798,0.373,0.99
lower_is_attack,0.07180692282319069,0.6532399299474606,0.46625,0.5441283734500365,0.375,0.99
lower_is_attack,0.0718949248790741,0.6535776614310645,0.468125,0.5455207574654042,0.376,0.9925
lower_is_attack,0.07194329835474492,0.6539130434782608,0.47,0.5469090909090909,0.377,0.995
lower_is_attack,0.07208545299619436,0.6551126516464472,0.4725,0.5490196078431373,0.379,0.995
lower_is_attack,0.07215939238667488,0.6563039723661486,0.475,0.5511240029006527,0.381,0.995
lower_is_attack,0.07229673751443624,0.657487091222031,0.4775,0.5532223026792179,0.383,0.995
lower_is_attack,0.07239237958937883,0.6586620926243568,0.48,0.5553145336225597,0.385,0.995
lower_is_attack,0.07260814629495144,0.6594017094017094,0.4821875,0.5570397111913358,0.3865,0.99625
lower_is_attack,0.07273284287005663,0.6605621805792163,0.4846875,0.5591204037490988,0.3885,0.99625
lower_is_attack,0.0728393599241972,0.6617147707979627,0.4871875,0.5611951043916487,0.3905,0.99625
lower_is_attack,0.07301392523944378,0.6624365482233503,0.489375,0.5629043853342919,0.392,0.9975
lower_is_attack,0.07316960552334784,0.663575042158516,0.491875,0.5649676956209619,0.394,0.9975
lower_is_attack,0.07333720833063125,0.6647058823529411,0.494375,0.5670250896057347,0.396,0.9975
lower_is_attack,0.07380958491563797,0.6658291457286433,0.496875,0.56907659269864,0.398,0.9975
lower_is_attack,0.07420601201802492,0.666110183639399,0.49875,0.5704074338813439,0.399,1.0
lower_is_attack,0.07475757205486296,0.6672212978369384,0.50125,0.5724482512491078,0.401,1.0
lower_is_attack,0.07559737624973058,0.6683250414593698,0.50375,0.5744832501781896,0.403,1.0
lower_is_attack,0.0760007244348526,0.6694214876033058,0.50625,0.5765124555160143,0.405,1.0
lower_is_attack,0.07712992291897536,0.6705107084019769,0.50875,0.5785358919687278,0.407,1.0
lower_is_attack,0.07775747102499009,0.6715927750410509,0.51125,0.5805535841022001,0.409,1.0
lower_is_attack,0.07797903252393008,0.6726677577741408,0.51375,0.5825655563430191,0.411,1.0
lower_is_attack,0.07826463362574577,0.6737357259380098,0.51625,0.5845718329794763,0.413,1.0
lower_is_attack,0.07848875641822814,0.6747967479674797,0.51875,0.5865724381625441,0.415,1.0
lower_is_attack,0.07868295992165804,0.6758508914100486,0.52125,0.5885673959068455,0.417,1.0
lower_is_attack,0.07883746108412742,0.6768982229402262,0.52375,0.5905567300916138,0.419,1.0
lower_is_attack,0.07897224153578282,0.677938808373591,0.52625,0.5925404644616468,0.421,1.0
lower_is_attack,0.07915042523294687,0.6789727126805778,0.52875,0.5945186226282502,0.423,1.0
lower_is_attack,0.07924714591354132,0.68,0.53125,0.5964912280701754,0.425,1.0
lower_is_attack,0.07936928534507752,0.6810207336523126,0.53375,0.598458304134548,0.427,1.0
lower_is_attack,0.07944244063645602,0.6820349761526232,0.53625,0.6004198740377886,0.429,1.0
lower_is_attack,0.07954665625840426,0.6830427892234548,0.53875,0.6023759608665269,0.431,1.0
lower_is_attack,0.0796752090677619,0.684044233807267,0.54125,0.6043265875785067,0.433,1.0
lower_is_attack,0.07979106936603786,0.6850393700787402,0.54375,0.6062717770034843,0.435,1.0
lower_is_attack,0.07991053617745637,0.6860282574568289,0.54625,0.6082115518441197,0.437,1.0
lower_is_attack,0.0799800356850028,0.6870109546165885,0.54875,0.610145934676859,0.439,1.0
lower_is_attack,0.08007105666399002,0.6879875195007801,0.55125,0.6120749479528106,0.441,1.0
lower_is_attack,0.08020066396892071,0.6889580093312597,0.55375,0.613998613998614,0.443,1.0
lower_is_attack,0.08028634931892156,0.689922480620155,0.55625,0.615916955017301,0.445,1.0
lower_is_attack,0.08043563581258059,0.6908809891808346,0.55875,0.61782999308915,0.447,1.0
lower_is_attack,0.08054618664830923,0.6918335901386748,0.56125,0.6197377501725327,0.449,1.0
lower_is_attack,0.08065468130260706,0.6927803379416283,0.56375,0.6216402481047554,0.451,1.0
lower_is_attack,0.08074060606211424,0.6937212863705973,0.56625,0.6235375086028906,0.453,1.0
lower_is_attack,0.08080721497535706,0.6946564885496184,0.56875,0.6254295532646048,0.455,1.0
lower_is_attack,0.08088519445061684,0.69558599695586,0.57125,0.6273164035689773,0.457,1.0
lower_is_attack,0.0809488805308938,0.6965098634294385,0.57375,0.6291980808773132,0.459,1.0
lower_is_attack,0.08106086591631174,0.697428139183056,0.57625,0.6310746064339493,0.461,1.0
lower_is_attack,0.08112585154920816,0.698340874811463,0.57875,0.632946001367054,0.463,1.0
lower_is_attack,0.08121145866811276,0.6992481203007519,0.58125,0.6348122866894198,0.465,1.0
lower_is_attack,0.08131798952072859,0.7001499250374813,0.58375,0.6366734832992502,0.467,1.0
lower_is_attack,0.08140853718668223,0.7010463378176383,0.58625,0.6385296119809394,0.469,1.0
lower_is_attack,0.08146085949242116,0.7019374068554396,0.58875,0.6403806934058464,0.471,1.0
lower_is_attack,0.08152057721465826,0.7028231797919762,0.59125,0.6422267481330618,0.473,1.0
lower_is_attack,0.08155346121639014,0.7037037037037037,0.59375,0.6440677966101694,0.475,1.0
lower_is_attack,0.08160011105239391,0.7045790251107829,0.59625,0.6459038591740014,0.477,1.0
lower_is_attack,0.08167670394480228,0.7054491899852725,0.59875,0.6477349560513861,0.479,1.0
lower_is_attack,0.08176205205917358,0.7063142437591777,0.60125,0.6495611073598919,0.481,1.0
lower_is_attack,0.08179039275646209,0.7071742313323572,0.60375,0.6513823331085637,0.483,1.0
lower_is_attack,0.0818576767295599,0.708029197080292,0.60625,0.6531986531986532,0.485,1.0
lower_is_attack,0.08191082310676574,0.7088791848617176,0.60875,0.6550100874243443,0.487,1.0
lower_is_attack,0.08201355178654193,0.7097242380261248,0.61125,0.6568166554734721,0.489,1.0
lower_is_attack,0.08212652354687452,0.7105643994211288,0.61375,0.6586183769282361,0.491,1.0
lower_is_attack,0.08217964942008257,0.7113997113997114,0.61625,0.6604152712659076,0.493,1.0
lower_is_attack,0.08224897295236588,0.7122302158273381,0.61875,0.6622073578595318,0.495,1.0
lower_is_attack,0.0823010110706091,0.7130559540889526,0.62125,0.663994655978624,0.497,1.0
lower_is_attack,0.08237650414556265,0.7138769670958512,0.62375,0.6657771847898599,0.499,1.0
lower_is_attack,0.08243616385012865,0.7146932952924394,0.62625,0.6675549633577615,0.501,1.0
lower_is_attack,0.08250990937650204,0.7155049786628734,0.62875,0.669328010645376,0.503,1.0
lower_is_attack,0.08261943779885769,0.7163120567375887,0.63125,0.6710963455149501,0.505,1.0
lower_is_attack,0.0827115221992135,0.7171145685997171,0.63375,0.6728599867285998,0.507,1.0
lower_is_attack,0.08275859227776527,0.7179125528913963,0.63625,0.6746189529489728,0.509,1.0
lower_is_attack,0.08282731690257787,0.7187060478199718,0.63875,0.6763732627399074,0.511,1.0
lower_is_attack,0.08291022270917892,0.7194950911640954,0.64125,0.6781229345670853,0.513,1.0
lower_is_attack,0.08296147026121617,0.7202797202797203,0.64375,0.6798679867986799,0.515,1.0
lower_is_attack,0.08301184487342834,0.7210599721059973,0.64625,0.6816084377059987,0.517,1.0
lower_is_attack,0.08309803899377584,0.721835883171071,0.64875,0.6833443054641212,0.519,1.0
lower_is_attack,0.0831502367258072,0.7226074895977809,0.65125,0.6850756081525312,0.521,1.0
lower_is_attack,0.0832248021736741,0.7233748271092669,0.65375,0.6868023637557452,0.523,1.0
lower_is_attack,0.08334515132009983,0.7241379310344828,0.65625,0.6885245901639344,0.525,1.0
lower_is_attack,0.08339875564724207,0.7248968363136176,0.65875,0.6902423051735429,0.527,1.0
lower_is_attack,0.083456541121006,0.7256515775034293,0.66125,0.6919555264879006,0.529,1.0
lower_is_attack,0.0835267572030425,0.7264021887824897,0.66375,0.6936642717178315,0.531,1.0
lower_is_attack,0.08358901167660951,0.7271487039563438,0.66625,0.695368558382257,0.533,1.0
lower_is_attack,0.08366601947695017,0.7278911564625851,0.66875,0.6970684039087948,0.535,1.0
lower_is_attack,0.0837614039555192,0.728629579375848,0.67125,0.6987638256343527,0.537,1.0
lower_is_attack,0.08381718325614929,0.7293640054127198,0.67375,0.700454840805718,0.539,1.0
lower_is_attack,0.08386550559848548,0.7300944669365722,0.67625,0.7021414665801428,0.541,1.0
lower_is_attack,0.08392588056623936,0.730820995962315,0.67875,0.7038237200259235,0.543,1.0
lower_is_attack,0.08401735924184323,0.7315436241610739,0.68125,0.7055016181229773,0.545,1.0
lower_is_attack,0.08419517381489278,0.7322623828647925,0.68375,0.7071751777634131,0.547,1.0
lower_is_attack,0.0842559587880969,0.732977303070761,0.68625,0.7088444157520981,0.549,1.0
lower_is_attack,0.08429263939708471,0.7336884154460719,0.68875,0.7105093488072212,0.551,1.0
lower_is_attack,0.08435326880216598,0.7343957503320053,0.69125,0.71216999356085,0.553,1.0
lower_is_attack,0.08444394312798977,0.7350993377483444,0.69375,0.7138263665594855,0.555,1.0
lower_is_attack,0.08450538598746062,0.7357992073976222,0.69625,0.7154784842646115,0.557,1.0
lower_is_attack,0.0845867942944169,0.7364953886693018,0.69875,0.7171263630532393,0.559,1.0
lower_is_attack,0.08466324100643396,0.7371879106438897,0.70125,0.7187700192184497,0.561,1.0
lower_is_attack,0.08475627037137747,0.7378768020969856,0.70375,0.7204094689699296,0.563,1.0
lower_is_attack,0.08484756674617529,0.738562091503268,0.70625,0.7220447284345048,0.565,1.0
lower_is_attack,0.08490903435647487,0.7392438070404173,0.70875,0.7236758136566688,0.567,1.0
lower_is_attack,0.08500187635421753,0.7399219765929779,0.71125,0.7253027405991077,0.569,1.0
lower_is_attack,0.08506753166764974,0.7405966277561609,0.71375,0.7269255251432208,0.571,1.0
lower_is_attack,0.08518379168212414,0.741267787839586,0.71625,0.7285441830896376,0.573,1.0
lower_is_attack,0.0852598899975419,0.7419354838709677,0.71875,0.7301587301587301,0.575,1.0
lower_is_attack,0.08532400626689196,0.7425997425997426,0.72125,0.7317691819911224,0.577,1.0
lower_is_attack,0.08541975817084313,0.7432605905006419,0.72375,0.7333755541481951,0.579,1.0
lower_is_attack,0.08554921478778124,0.7439180537772087,0.72625,0.734977862112587,0.581,1.0
lower_is_attack,0.08560018050670624,0.7445721583652618,0.72875,0.7365761212886923,0.583,1.0
lower_is_attack,0.08570333287119865,0.7452229299363057,0.73125,0.7381703470031545,0.585,1.0
lower_is_attack,0.08577001482248306,0.7458703939008895,0.73375,0.739760554505356,0.587,1.0
lower_is_attack,0.0858592972829938,0.7465145754119138,0.73625,0.7413467589679044,0.589,1.0
lower_is_attack,0.08592562809586525,0.7471554993678887,0.73875,0.742928975487115,0.591,1.0
lower_is_attack,0.08598377218097449,0.7477931904161412,0.74125,0.7445072190834903,0.593,1.0
lower_is_attack,0.08615014437586069,0.7484276729559748,0.74375,0.7460815047021944,0.595,1.0
lower_is_attack,0.08624739263206721,0.7490589711417817,0.74625,0.7476518472135254,0.597,1.0
lower_is_attack,0.08642360494285822,0.7496871088861077,0.74875,0.7492182614133833,0.599,1.0
lower_is_attack,0.08649615103751421,0.7503121098626716,0.75125,0.7507807620237351,0.601,1.0
lower_is_attack,0.08660319502651692,0.75093399750934,0.75375,0.7523393636930755,0.603,1.0
lower_is_attack,0.08672278106212616,0.7515527950310559,0.75625,0.7538940809968847,0.605,1.0
lower_is_attack,0.0869063227623701,0.7521685254027262,0.75875,0.7554449284380834,0.607,1.0
lower_is_attack,0.08703239647299052,0.7527812113720643,0.76125,0.7569919204474829,0.609,1.0
lower_is_attack,0.08716589315980673,0.7533908754623921,0.76375,0.7585350713842334,0.611,1.0
lower_is_attack,0.08733910865336658,0.7539975399753998,0.76625,0.7600743955362679,0.613,1.0
lower_is_attack,0.08750203430652619,0.754601226993865,0.76875,0.7616099071207431,0.615,1.0
lower_is_attack,0.08765208435803652,0.7552019583843329,0.77125,0.7631416202844774,0.617,1.0
lower_is_attack,0.0877659053504467,0.7557997557997558,0.77375,0.7646695491043854,0.619,1.0
lower_is_attack,0.08787632217258215,0.756394640682095,0.77625,0.7661937075879087,0.621,1.0
lower_is_attack,0.08806303711980581,0.7569866342648846,0.77875,0.7677141096734442,0.623,1.0
lower_is_attack,0.08830112311989069,0.7575757575757576,0.78125,0.7692307692307693,0.625,1.0
lower_is_attack,0.08846807756274938,0.7581620314389359,0.78375,0.7707437000614629,0.627,1.0
lower_is_attack,0.0886283027306199,0.758745476477684,0.78625,0.7722529158993248,0.629,1.0
lower_is_attack,0.08896161216497421,0.7593261131167268,0.78875,0.773758430410791,0.631,1.0
lower_is_attack,0.08919230230897665,0.7599039615846338,0.79125,0.775260257195346,0.633,1.0
lower_is_attack,0.08942093584686518,0.7604790419161677,0.79375,0.7767584097859327,0.635,1.0
lower_is_attack,0.08953955302387476,0.7610513739545998,0.79625,0.7782529016493586,0.637,1.0
lower_is_attack,0.08972484862059354,0.7616209773539928,0.79875,0.7797437461866992,0.639,1.0
lower_is_attack,0.08985546777397395,0.7621878715814506,0.80125,0.7812309567336989,0.641,1.0
lower_is_attack,0.09009700527787208,0.7627520759193357,0.80375,0.7827145465611686,0.643,1.0
lower_is_attack,0.09031609449535608,0.7633136094674556,0.80625,0.78419452887538,0.645,1.0
lower_is_attack,0.09043305740505456,0.7638724911452184,0.80875,0.7856709168184578,0.647,1.0
lower_is_attack,0.09059112989157438,0.7644287396937574,0.81125,0.7871437234687689,0.649,1.0
lower_is_attack,0.09086432709544898,0.7649823736780259,0.81375,0.7886129618413082,0.651,1.0
lower_is_attack,0.09097658646851778,0.7655334114888629,0.81625,0.7900786448880823,0.653,1.0
lower_is_attack,0.09117876712232828,0.7660818713450293,0.81875,0.7915407854984894,0.655,1.0
lower_is_attack,0.09135954862087965,0.7666277712952159,0.82125,0.7929993964996982,0.657,1.0
lower_is_attack,0.09164633321762085,0.7671711292200233,0.82375,0.7944544906570223,0.659,1.0
lower_is_attack,0.09177444464713336,0.7677119628339141,0.82625,0.7959060806742926,0.661,1.0
lower_is_attack,0.09188353211432695,0.7682502896871379,0.82875,0.7973541791942274,0.663,1.0
lower_is_attack,0.09195385854691267,0.7687861271676301,0.83125,0.7987987987987988,0.665,1.0
lower_is_attack,0.09216160269826651,0.7693194925028836,0.83375,0.8002399520095981,0.667,1.0
lower_is_attack,0.09232023143023252,0.7698504027617952,0.83625,0.8016776512881966,0.669,1.0
lower_is_attack,0.09248776348680257,0.7703788748564868,0.83875,0.8031119090365051,0.671,1.0
lower_is_attack,0.09269335471093655,0.7709049255441008,0.84125,0.8045427375971309,0.673,1.0
lower_is_attack,0.0928732743486762,0.7714285714285715,0.84375,0.8059701492537313,0.675,1.0
lower_is_attack,0.09309371615201235,0.7719498289623717,0.84625,0.8073941562313656,0.677,1.0
lower_is_attack,0.09335914185643196,0.7724687144482366,0.84875,0.8088147706968434,0.679,1.0
lower_is_attack,0.09348966559022666,0.7729852440408627,0.85125,0.810232004759072,0.681,1.0
lower_is_attack,0.09374674554914236,0.7734994337485843,0.85375,0.8116458704693998,0.683,1.0
lower_is_attack,0.09397302810102702,0.7740112994350282,0.85625,0.8130563798219584,0.685,1.0
lower_is_attack,0.09414075143635273,0.7745208568207441,0.85875,0.8144635447540012,0.687,1.0
lower_is_attack,0.09440210184454918,0.7750281214848144,0.86125,0.8158673771462404,0.689,1.0
lower_is_attack,0.09455664193630219,0.7755331088664422,0.86375,0.8172678888231816,0.691,1.0
lower_is_attack,0.09467822497338056,0.7760358342665173,0.86625,0.8186650915534555,0.693,1.0
lower_is_attack,0.09483358703553676,0.776536312849162,0.86875,0.8200589970501475,0.695,1.0
lower_is_attack,0.09501059518754483,0.7770345596432553,0.87125,0.8214496169711255,0.697,1.0
lower_is_attack,0.09519813990592957,0.7775305895439377,0.87375,0.8228369629193644,0.699,1.0
lower_is_attack,0.09533000239729882,0.7780244173140954,0.87625,0.8242210464432687,0.701,1.0
lower_is_attack,0.09551194067299368,0.778516057585825,0.87875,0.8256018790369936,0.703,1.0
lower_is_attack,0.09562249194830656,0.7790055248618785,0.88125,0.8269794721407625,0.705,1.0
lower_is_attack,0.09571698231995106,0.7794928335170893,0.88375,0.8283538371411834,0.707,1.0
lower_is_attack,0.09584260720014572,0.7799779977997799,0.88625,0.8297249853715624,0.709,1.0
lower_is_attack,0.09598084139823913,0.7804610318331504,0.88875,0.831092928112215,0.711,1.0
lower_is_attack,0.09614988805353641,0.7809419496166484,0.89125,0.8324576765907764,0.713,1.0
lower_is_attack,0.09635767135769129,0.7814207650273224,0.89375,0.8338192419825073,0.715,1.0
lower_is_attack,0.09652477095276119,0.781897491821156,0.89625,0.8351776354105999,0.717,1.0
lower_is_attack,0.09672466951608658,0.7823721436343852,0.89875,0.8365328679464805,0.719,1.0
lower_is_attack,0.09690575966984033,0.7828447339847991,0.90125,0.8378849506101104,0.721,1.0
lower_is_attack,0.09707068721950056,0.7833152762730228,0.90375,0.8392338943702844,0.723,1.0
lower_is_attack,0.09725468456745148,0.7837837837837838,0.90625,0.8405797101449275,0.725,1.0
lower_is_attack,0.09751373772323133,0.7842502696871629,0.90875,0.8419224088013897,0.727,1.0
lower_is_attack,0.09776276257634163,0.7847147470398278,0.91125,0.843262001156738,0.729,1.0
lower_is_attack,0.0979685166552663,0.7851772287862513,0.91375,0.8445984979780474,0.731,1.0
lower_is_attack,0.09815332885086536,0.7856377277599143,0.91625,0.845931909982689,0.733,1.0
lower_is_attack,0.09833436418324709,0.786096256684492,0.91875,0.8472622478386167,0.735,1.0
lower_is_attack,0.0985593126192689,0.7865528281750267,0.92125,0.8485895221646517,0.737,1.0
lower_is_attack,0.09874134036153555,0.7870074547390842,0.92375,0.8499137435307648,0.739,1.0
lower_is_attack,0.09896849190443754,0.7874601487778958,0.92625,0.8512349224583573,0.741,1.0
lower_is_attack,0.09924089054018259,0.7879109225874867,0.92875,0.8525530694205393,0.743,1.0
lower_is_attack,0.09940619505941868,0.7883597883597884,0.93125,0.8538681948424068,0.745,1.0
lower_is_attack,0.09948735606670382,0.7888067581837381,0.93375,0.8551803091013166,0.747,1.0
lower_is_attack,0.09979417549073698,0.7892518440463646,0.93625,0.8564894225271584,0.749,1.0
lower_is_attack,0.10005817291885616,0.7896950578338591,0.93875,0.857795545402627,0.751,1.0
lower_is_attack,0.10022723288089039,0.7901364113326338,0.94125,0.8590986879634912,0.753,1.0
lower_is_attack,0.10059798814356327,0.7905759162303665,0.94375,0.8603988603988604,0.755,1.0
lower_is_attack,0.1012088470607996,0.7910135841170324,0.94625,0.8616960728514513,0.757,1.0
lower_is_attack,0.10136789245158435,0.7914494264859229,0.94875,0.8629903354178511,0.759,1.0
lower_is_attack,0.1016059331744909,0.7918834547346514,0.95125,0.8642816581487791,0.761,1.0
lower_is_attack,0.10190290246158838,0.7923156801661475,0.95375,0.8655700510493477,0.763,1.0
lower_is_attack,0.10238610848784446,0.7927461139896373,0.95625,0.8668555240793201,0.765,1.0
lower_is_attack,0.10258762390911579,0.7931747673216132,0.95875,0.8681380871533673,0.767,1.0
lower_is_attack,0.102873710334301,0.7936016511867905,0.96125,0.8694177501413228,0.769,1.0
lower_is_attack,0.10318472833186389,0.7940267765190525,0.96375,0.870694522868436,0.771,1.0
lower_is_attack,0.1034665039330721,0.7944501541623844,0.96625,0.8719684151156233,0.773,1.0
lower_is_attack,0.10362457782030106,0.7948717948717948,0.96875,0.8732394366197183,0.775,1.0
lower_is_attack,0.10390033844858408,0.7952917093142272,0.97125,0.8745075970737197,0.777,1.0
lower_is_attack,0.10427114915847777,0.7957099080694586,0.97375,0.8757729061270376,0.779,1.0
lower_is_attack,0.10467083810269825,0.7961264016309888,0.97625,0.8770353733857383,0.781,1.0
lower_is_attack,0.10527636273950337,0.7965412004069176,0.97875,0.8782950084127874,0.783,1.0
lower_is_attack,0.10576312940567731,0.7969543147208121,0.98125,0.8795518207282913,0.785,1.0
lower_is_attack,0.1065187612622976,0.7973657548125633,0.98375,0.8808058198097369,0.787,1.0
lower_is_attack,0.10802545031905174,0.7977755308392316,0.98625,0.8820570150922303,0.789,1.0
lower_is_attack,0.10870633779466152,0.798183652875883,0.98875,0.8833054159687326,0.791,1.0
lower_is_attack,0.10941667249053719,0.798590130916415,0.99125,0.8845510317902956,0.793,1.0
lower_is_attack,0.11100594334304337,0.7989949748743719,0.99375,0.8857938718662952,0.795,1.0
lower_is_attack,0.11281332874298096,0.7993981945837513,0.99625,0.8870339454646633,0.797,1.0
lower_is_attack,0.11387580245733264,0.7997997997997998,0.99875,0.8882712618121178,0.799,1.0
